Site_N,Point,X_new,Y_new
A09-17,11,121.3333333,25
A40-10,7,120.4666667,22.48333333
