Site_N,Point,X_new.y,Y_new.y
A09-58,4,121.2833333,24.95
A21-02,11,121.2833333,23.03333333
A29-19,4,120.7333333,24.1
A32-08,8,120.85,23.81666667
A35-10,3,120.55,23.41666667
A35-16,1,120.4666667,23.45
A36-03,4,120.4333333,23.08333333
A36-03,8,120.4166667,23.08333333
A40-15,4,120,22
A40-15,5,120,22
A40-15,6,120,22
A40-15,7,120,22
