"樣區編號","樣區名稱","樣點編號","TWD97_X","TWD97_Y"
"MA-A01-01","仁澤B","1","300595","2716742"
"MA-A01-01","仁澤B","2","300795","2716706"
"MA-A01-01","仁澤B","3","301000","2716706"
"MA-A01-01","仁澤B","4","301195","2716640"
"MA-A01-01","仁澤B","5","301373","2716555"
"MA-A01-01","仁澤B","6","301560","2716506"
"MA-A01-02","仁澤A","6","301570","2715714"
"MA-A01-02","仁澤A","5","301538","2715507"
"MA-A01-02","仁澤A","3","301314","2715672"
"MA-A01-02","仁澤A","1","301096","2715866"
"MA-A01-02","仁澤A","4","301195","2715520"
"MA-A02-01","羅區47林班(拳頭姆步道)","2","312110","2728110"
"MA-A02-01","羅區47林班(拳頭姆步道)","1","311893","2728075"
"MA-A02-01","羅區47林班(拳頭姆步道)","3","312233","2727904"
"MA-A02-02","羅區26林班(清水地熱區域)","1","312440","2725468"
"MA-A02-02","羅區26林班(清水地熱區域)","2","312730","2725080"
"MA-A02-02","羅區26林班(清水地熱區域)","3","312983","2724763"
"MA-A02-02","羅區26林班(清水地熱區域)","4","313119","2724513"
"MA-A02-02","羅區26林班(清水地熱區域)","5","313761","2724220"
"MA-A02-02","羅區26林班(清水地熱區域)","6","314467","2723449"
"MA-A02-03","羅區66林班","1","323970","2725497"
"MA-A02-03","羅區66林班","2","323862","2725328"
"MA-A02-03","羅區66林班","3","323749","2725152"
"MA-A02-03","羅區66林班","4","323647","2724992"
"MA-A02-03","羅區66林班","5","323455","2724938"
"MA-A02-03","羅區66林班","6","323348","2724770"
"MA-A02-04","羅區71-72林班","1","325487","2722228"
"MA-A02-04","羅區71-72林班","2","325641","2722361"
"MA-A02-04","羅區71-72林班","3","325705","2722550"
"MA-A02-04","羅區71-72林班","4","325812","2722719"
"MA-A02-04","羅區71-72林班","6","325947","2723092"
"MA-A02-05","羅區73-75，79-80林班","1","327929","2722894"
"MA-A02-05","羅區73-75，79-80林班","3","327934","2722527"
"MA-A02-05","羅區73-75，79-80林班","4","327853","2722338"
"MA-A02-05","羅區73-75，79-80林班","5","327665","2722406"
"MA-A02-05","羅區73-75，79-80林班","6","327468","2722366"
"MA-A02-06","羅區101林班","1","332556","2721662"
"MA-A02-06","羅區101林班","2","332426","2721510"
"MA-A02-06","羅區101林班","3","332410","2721311"
"MA-A02-06","羅區101林班","4","332303","2721139"
"MA-A02-06","羅區101林班","5","332163","2720996"
"MA-A02-06","羅區101林班","6","332219","2720804"
"MA-A02-07","宜蘭縣猴猴坑※","1","337921","2715093"
"MA-A02-07","宜蘭縣猴猴坑※","3","337806","2715538"
"MA-A02-07","宜蘭縣猴猴坑※","4","337891","2715743"
"MA-A02-07","宜蘭縣猴猴坑※","5","337839","2715986"
"MA-A02-07","宜蘭縣猴猴坑※","6","337811","2716213"
"MA-A02-07","宜蘭縣猴猴坑※","7","337824","2716426"
"MA-A02-07","宜蘭縣猴猴坑※","8","337696","2716619"
"MA-A02-07","宜蘭縣猴猴坑※","9","337692","2716850"
"MA-A02-07","宜蘭縣猴猴坑※","10","337634","2717068"
"MA-A02-08","寒溪","1","318916","2720603"
"MA-A02-08","寒溪","2","319036","2720443"
"MA-A02-08","寒溪","3","319102","2720253"
"MA-A02-08","寒溪","4","319083","2720049"
"MA-A02-08","寒溪","5","318965","2719771"
"MA-A02-08","寒溪","6","318776","2719702"
"MA-A03-01","金山磺溪頭","1","309725","2789023"
"MA-A03-01","金山磺溪頭","2","309426","2789107"
"MA-A03-01","金山磺溪頭","3","309227","2789199"
"MA-A03-01","金山磺溪頭","4","308853","2789020"
"MA-A03-01","金山磺溪頭","5","308664","2788904"
"MA-A03-03","汐止四分尾山","1","318800","2770798"
"MA-A03-03","汐止四分尾山","2","318708","2770470"
"MA-A03-03","汐止四分尾山","3","318818","2770256"
"MA-A03-03","汐止四分尾山","4","318627","2769669"
"MA-A03-03","汐止四分尾山","5","318384","2769884"
"MA-A03-03","汐止四分尾山","6","318242","2770395"
"MA-A03-03","汐止四分尾山","7","317941","2770381"
"MA-A03-04","石碇小格頭","1","314549","2763275"
"MA-A03-04","石碇小格頭","2","314401","2763059"
"MA-A03-04","石碇小格頭","3","314006","2762675"
"MA-A03-04","石碇小格頭","4","313078","2762240"
"MA-A03-04","石碇小格頭","5","312633","2762515"
"MA-A03-04","石碇小格頭","6","312771","2761964"
"MA-A03-04","石碇小格頭","7","313048","2761719"
"MA-A03-05","新店十六分","1","310955","2759504"
"MA-A03-05","新店十六分","2","310743","2759703"
"MA-A03-05","新店十六分","3","311032","2759828"
"MA-A03-05","新店十六分","4","311161","2760302"
"MA-A03-05","新店十六分","5","310853","2760253"
"MA-A03-05","新店十六分","6","310608","2760182"
"MA-A03-05","新店十六分","7","310329","2760213"
"MA-A03-05","新店十六分","8","310131","2760033"
"MA-A03-06","坪林厚德崗坑","1","323506","2759501"
"MA-A03-06","坪林厚德崗坑","2","323843","2759376"
"MA-A03-06","坪林厚德崗坑","3","324096","2759413"
"MA-A03-06","坪林厚德崗坑","4","324334","2759365"
"MA-A03-06","坪林厚德崗坑","5","324419","2759139"
"MA-A03-06","坪林厚德崗坑","6","324324","2758808"
"MA-A03-06","坪林厚德崗坑","7","324743","2759084"
"MA-A03-06","坪林厚德崗坑","8","324871","2758820"
"MA-A03-07","台北縣坪林台灣油杉自然保留區※","2","318631","2756151"
"MA-A03-07","台北縣坪林台灣油杉自然保留區※","3","318516","2755973"
"MA-A03-07","台北縣坪林台灣油杉自然保留區※","4","318795","2755849"
"MA-A03-07","台北縣坪林台灣油杉自然保留區※","5","318301","2755783"
"MA-A03-07","台北縣坪林台灣油杉自然保留區※","7","318417","2755236"
"MA-A03-07","台北縣坪林台灣油杉自然保留區※","8","318293","2755062"
"MA-A03-07","台北縣坪林台灣油杉自然保留區※","9","318049","2754859"
"MA-A03-07","台北縣坪林台灣油杉自然保留區※","10","317942","2754484"
"MA-A03-07","台北縣坪林台灣油杉自然保留區※","6","318341","2755438"
"MA-A03-08","雙溪泰平","1","332701","2763339"
"MA-A03-08","雙溪泰平","2","332467","2763050"
"MA-A03-08","雙溪泰平","3","331991","2763213"
"MA-A03-08","雙溪泰平","4","331934","2763440"
"MA-A03-08","雙溪泰平","5","331932","2762880"
"MA-A03-08","雙溪泰平","6","331832","2762690"
"MA-A03-08","雙溪泰平","7","332166","2762766"
"MA-A04-01","宜30","1","320890","2744996"
"MA-A04-01","宜30","2","320721","2744832"
"MA-A04-01","宜30","3","320502","2744914"
"MA-A04-01","宜30","4","320404","2744680"
"MA-A04-01","宜30","5","320209","2744803"
"MA-A04-02","宜40","1","317075","2738603"
"MA-A04-02","宜40","2","316847","2738686"
"MA-A04-02","宜40","3","316938","2738888"
"MA-A04-02","宜40","4","316942","2739124"
"MA-A04-02","宜40","5","316612","2738618"
"MA-A04-02","宜40","6","316378","2738782"
"MA-A04-03","宜52","2","312975","2739141"
"MA-A04-03","宜52","3","312814","2738914"
"MA-A04-03","宜52","4","312605","2739001"
"MA-A04-03","宜52","5","312374","2739067"
"MA-A04-03","宜52","6","312075","2739120"
"MA-A04-03","宜52","1","313030","2738773"
"MA-A04-04","宜64","1","314761","2734510"
"MA-A04-04","宜64","3","314799","2734959"
"MA-A04-04","宜64","4","314693","2735113"
"MA-A04-04","宜64","5","314454","2735240"
"MA-A04-05","文41","1","328840","2752098"
"MA-A04-05","文41","2","329062","2752217"
"MA-A04-05","文41","3","329236","2752406"
"MA-A04-05","文41","4","329140","2752615"
"MA-A04-05","文41","5","329114","2752871"
"MA-A04-05","文41","6","329073","2753188"
"MA-A04-06","聖母登山步道","1","324293","2749041"
"MA-A04-06","聖母登山步道","2","324293","2749216"
"MA-A04-06","聖母登山步道","3","324283","2749402"
"MA-A04-06","聖母登山步道","5","324001","2749740"
"MA-A04-06","聖母登山步道","4","324059","2749560"
"MA-A04-06","聖母登山步道","6","323851","2749930"
"MA-A04-07","礁溪","6","328623","2748696"
"MA-A04-07","礁溪","5","328466","2748878"
"MA-A04-07","礁溪","4","328378","2749071"
"MA-A04-07","礁溪","3","328292","2749262"
"MA-A04-07","礁溪","2","328210","2749447"
"MA-A04-07","礁溪","1","328258","2749665"
"MA-A04-08","松羅步道","1","306807","2729197"
"MA-A04-08","松羅步道","2","306624","2729053"
"MA-A04-08","松羅步道","3","306392","2729067"
"MA-A04-08","松羅步道","4","306272","2729274"
"MA-A04-08","松羅步道","5","306046","2729291"
"MA-A04-08","松羅步道","6","305844","2729393"
"MA-A04-09","九寮溪步道","1","309163","2730781"
"MA-A04-09","九寮溪步道","2","309050","2730582"
"MA-A04-09","九寮溪步道","3","308844","2730657"
"MA-A04-09","九寮溪步道","4","308693","2730802"
"MA-A04-09","九寮溪步道","5","308451","2730837"
"MA-A04-09","九寮溪步道","6","308212","2730842"
"MA-A05-01","和區2林班","1","323585","2690286"
"MA-A05-01","和區2林班","2","323627","2690082"
"MA-A05-01","和區2林班","3","323424","2690063"
"MA-A05-01","和區2林班","4","323286","2689914"
"MA-A05-01","和區2林班","5","323090","2689863"
"MA-A05-02","和區91林班","6","329014","2698519"
"MA-A05-02","和區91林班","5","329219","2698354"
"MA-A05-02","和區91林班","4","329358","2698179"
"MA-A05-02","和區91林班","3","329399","2697976"
"MA-A05-02","和區91林班","2","329467","2697792"
"MA-A05-02","和區91林班","1","329408","2697575"
"MA-A05-03","和區88林班","6","326197","2691499"
"MA-A05-03","和區88林班","5","326227","2691222"
"MA-A05-03","和區88林班","4","326452","2691346"
"MA-A05-03","和區88林班","3","326817","2691533"
"MA-A05-03","和區88林班","2","326986","2691626"
"MA-A05-03","和區88林班","1","327015","2691442"
"MA-A05-04","南區62林班","1","327471","2710951"
"MA-A05-04","南區62林班","3","327132","2711226"
"MA-A05-04","南區62林班","4","326964","2711071"
"MA-A05-04","南區62林班","6","326457","2711099"
"MA-A05-05","南區82、83林班","2","321253","2702234"
"MA-A05-05","南區82、83林班","1","321166","2702419"
"MA-A05-05","南區82、83林班","3","320971","2702361"
"MA-A05-05","南區82、83林班","4","321011","2702207"
"MA-A05-05","南區82、83林班","5","320936","2702011"
"MA-A05-05","南區82、83林班","6","320743","2701934"
"MA-A05-06","宜蘭縣烏石鼻※","10","334575","2709514"
"MA-A05-06","宜蘭縣烏石鼻※","8","334784","2709394"
"MA-A05-06","宜蘭縣烏石鼻※","7","334992","2709173"
"MA-A05-06","宜蘭縣烏石鼻※","6","335226","2709167"
"MA-A05-06","宜蘭縣烏石鼻※","5","335316","2709395"
"MA-A05-06","宜蘭縣烏石鼻※","4","335480","2709269"
"MA-A05-06","宜蘭縣烏石鼻※","3","335586","2709036"
"MA-A05-06","宜蘭縣烏石鼻※","9","334577","2709270"
"MA-A05-07","神祕湖B","1","324994","2699600"
"MA-A05-07","神祕湖B","2","325091","2699807"
"MA-A05-07","神祕湖B","3","325164","2699503"
"MA-A05-07","神祕湖B","4","325276","2699329"
"MA-A05-07","神祕湖B","5","325494","2699221"
"MA-A05-08","大濁水林道","1","325118","2690469"
"MA-A05-08","大濁水林道","2","324428","2690617"
"MA-A05-08","大濁水林道","3","324226","2690622"
"MA-A05-08","大濁水林道","4","324726","2690733"
"MA-A05-08","大濁水林道","5","324914","2690801"
"MA-A05-08","大濁水林道","6","325070","2690661"
"MA-B06-01","1329區外保安林","1","236162","2705024"
"MA-B06-01","1329區外保安林","2","236113","2704801"
"MA-B06-01","1329區外保安林","3","236410","2704930"
"MA-B06-01","1329區外保安林","4","236560","2705111"
"MA-B06-01","1329區外保安林","5","236628","2705325"
"MA-B06-01","1329區外保安林","6","236358","2705227"
"MA-B06-02","大湖第71林班","5","230289","2697390"
"MA-B06-03","大安溪第4林班","1","223344","2695794"
"MA-B06-03","大安溪第4林班","2","223307","2695594"
"MA-B06-03","大安溪第4林班","3","223275","2695401"
"MA-B06-03","大安溪第4林班","4","223248","2695180"
"MA-B06-03","大安溪第4林班","5","223214","2694994"
"MA-B06-03","大安溪第4林班","6","223181","2694796"
"MA-B06-04","大湖第38林班","1","247468","2706891"
"MA-B06-04","大湖第38林班","2","247586","2707065"
"MA-B06-04","大湖第38林班","3","247749","2707188"
"MA-B06-04","大湖第38林班","4","247954","2707192"
"MA-B06-04","大湖第38林班","5","248149","2707132"
"MA-B06-04","大湖第38林班","6","248895","2707323"
"MA-B06-05","鳴鳳古道","1","240449","2714824"
"MA-B06-05","鳴鳳古道","2","240326","2715010"
"MA-B06-05","鳴鳳古道","3","240286","2715228"
"MA-B06-05","鳴鳳古道","4","240378","2715429"
"MA-B06-05","鳴鳳古道","5","240515","2715602"
"MA-B06-05","鳴鳳古道","6","240735","2715604"
"MA-B06-06","南庄3林班","1","248510","2719162"
"MA-B06-06","南庄3林班","2","248657","2718890"
"MA-B06-06","南庄3林班","3","248926","2719410"
"MA-B06-06","南庄3林班","4","249233","2719249"
"MA-B06-06","南庄3林班","5","248927","2718933"
"MA-B06-06","南庄3林班","6","248858","2718629"
"MA-B06-08","坪林","1","238117","2688399"
"MA-B06-08","坪林","2","238390","2688399"
"MA-B06-08","坪林","3","238635","2688432"
"MA-B06-08","坪林","4","238873","2688354"
"MA-B06-08","坪林","5","238101","2688163"
"MA-B06-08","坪林","6","238715","2688175"
"MA-B07-01","東眼山林道前段(復興分站)","1","290754","2748299"
"MA-B07-01","東眼山林道前段(復興分站)","2","290999","2748248"
"MA-B07-01","東眼山林道前段(復興分站)","3","291098","2748068"
"MA-B07-01","東眼山林道前段(復興分站)","4","291293","2747928"
"MA-B07-01","東眼山林道前段(復興分站)","5","291461","2747725"
"MA-B07-01","東眼山林道前段(復興分站)","6","291156","2747550"
"MA-B07-02","洞口(復興分站)","1","285864","2738260"
"MA-B07-02","洞口(復興分站)","2","285619","2738269"
"MA-B07-02","洞口(復興分站)","3","285464","2738408"
"MA-B07-02","洞口(復興分站)","4","285297","2738536"
"MA-B07-02","洞口(復興分站)","5","285218","2738732"
"MA-B07-02","洞口(復興分站)","6","285232","2738937"
"MA-B07-03","高義橋(復興分站)","2","285537","2734470"
"MA-B07-03","高義橋(復興分站)","3","285688","2734279"
"MA-B07-03","高義橋(復興分站)","4","285889","2734247"
"MA-B07-03","高義橋(復興分站)","5","286094","2734190"
"MA-B07-03","高義橋(復興分站)","6","286308","2734190"
"MA-B07-03","高義橋(復興分站)","1","285313","2734431"
"MA-B07-04","奎輝二橋(復興分站)","1","282378","2743463"
"MA-B07-04","奎輝二橋(復興分站)","2","282180","2743371"
"MA-B07-04","奎輝二橋(復興分站)","3","281983","2743408"
"MA-B07-04","奎輝二橋(復興分站)","4","281765","2743454"
"MA-B07-04","奎輝二橋(復興分站)","5","281646","2743284"
"MA-B07-04","奎輝二橋(復興分站)","6","281547","2743473"
"MA-B07-05","義盛(復興分站)","1","287886","2743311"
"MA-B07-05","義盛(復興分站)","2","287530","2743518"
"MA-B07-05","義盛(復興分站)","3","288017","2743154"
"MA-B07-05","義盛(復興分站)","4","287658","2743655"
"MA-B07-05","義盛(復興分站)","5","287895","2743740"
"MA-B07-05","義盛(復興分站)","6","288175","2743565"
"MA-B07-06","大溪事業區42林班","1","291230","2729279"
"MA-B07-06","大溪事業區42林班","2","291194","2729010"
"MA-B07-06","大溪事業區42林班","3","291224","2728781"
"MA-B07-06","大溪事業區42林班","4","291203","2728477"
"MA-B07-06","大溪事業區42林班","5","291176","2728265"
"MA-B07-06","大溪事業區42林班","6","291146","2728048"
"MA-B07-07","大溪事業區43林班","1","291307","2727546"
"MA-B07-07","大溪事業區43林班","2","291491","2727438"
"MA-B07-07","大溪事業區43林班","3","291455","2727246"
"MA-B07-07","大溪事業區43林班","4","291737","2726941"
"MA-B07-07","大溪事業區43林班","5","291916","2726856"
"MA-B07-07","大溪事業區43林班","6","292025","2726694"
"MA-B07-10","內奎輝※","1","285453","2736919"
"MA-B07-10","內奎輝※","2","285189","2737166"
"MA-B07-10","內奎輝※","3","284974","2737430"
"MA-B07-10","內奎輝※","4","284921","2737121"
"MA-B07-10","內奎輝※","6","284710","2737040"
"MA-B07-10","內奎輝※","7","284501","2737127"
"MA-B07-10","內奎輝※","8","284321","2737003"
"MA-B07-10","內奎輝※","10","284533","2736831"
"MA-B08-03","清泉","1","260905","2717793"
"MA-B08-03","清泉","2","260822","2717638"
"MA-B08-03","清泉","3","261192","2717653"
"MA-B08-03","清泉","4","261470","2717676"
"MA-B08-03","清泉","5","261421","2717389"
"MA-B08-03","清泉","6","261457","2717026"
"MA-B08-04","鴛鴦谷瀑布※","2","276842","2737759"
"MA-B08-04","鴛鴦谷瀑布※","3","277083","2737784"
"MA-B08-04","鴛鴦谷瀑布※","4","277210","2737914"
"MA-B08-04","鴛鴦谷瀑布※","6","277393","2738176"
"MA-B08-04","鴛鴦谷瀑布※","7","277699","2738322"
"MA-B08-04","鴛鴦谷瀑布※","8","277878","2738218"
"MA-B08-04","鴛鴦谷瀑布※","9","278305","2738244"
"MA-B08-04","鴛鴦谷瀑布※","10","279035","2738197"
"MA-B09-01","西坑※","1","311529","2749018"
"MA-B09-01","西坑※","2","311221","2748907"
"MA-B09-01","西坑※","3","310928","2749028"
"MA-B09-01","西坑※","4","310760","2748803"
"MA-B09-01","西坑※","5","310434","2749121"
"MA-B09-01","西坑※","6","310247","2748885"
"MA-B09-01","西坑※","7","309928","2748853"
"MA-B09-02","信賢","1","303595","2748094"
"MA-B09-02","信賢","2","303359","2747845"
"MA-B09-02","信賢","3","303264","2747590"
"MA-B09-02","信賢","4","303170","2747321"
"MA-B09-02","信賢","5","303313","2747071"
"MA-B09-02","信賢","6","303172","2746743"
"MA-B09-05","22林班","1","304406","2753016"
"MA-B09-05","22林班","2","304131","2752796"
"MA-B09-05","22林班","3","304021","2752588"
"MA-B09-05","22林班","5","303392","2752104"
"MA-B09-06","24林班(平廣段12地號)","1","299788","2752724"
"MA-B09-07","桶后造林中心（桶后吊橋）※","1","315576","2747844"
"MA-B09-07","桶后造林中心（桶后吊橋）※","2","315339","2747727"
"MA-B09-07","桶后造林中心（桶后吊橋）※","3","315116","2747708"
"MA-B09-07","桶后造林中心（桶后吊橋）※","4","315075","2747938"
"MA-B09-07","桶后造林中心（桶后吊橋）※","5","314841","2747982"
"MA-B09-07","桶后造林中心（桶后吊橋）※","6","314693","2748217"
"MA-B09-07","桶后造林中心（桶后吊橋）※","7","314472","2748197"
"MA-B09-07","桶后造林中心（桶后吊橋）※","8","314415","2748394"
"MA-B09-08","大寮（26.27林班）","6","296558","2756049"
"MA-B09-08","大寮（26.27林班）","3","298293","2756344"
"MA-B09-09","竹崙（28-30林班）","1","293691","2754927"
"MA-B09-09","竹崙（28-30林班）","2","293647","2755127"
"MA-B09-09","竹崙（28-30林班）","3","293818","2755318"
"MA-B09-09","竹崙（28-30林班）","5","294262","2755263"
"MA-B09-09","竹崙（28-30林班）","6","294200","2755064"
"MA-B09-10","插角（31林班）","1","291331","2751517"
"MA-B09-10","插角（31林班）","3","291585","2751658"
"MA-B09-10","插角（31林班）","4","291800","2751843"
"MA-B09-10","插角（31林班）","5","291952","2752168"
"MA-B09-11","有木（32林班）","2","296990","2749654"
"MA-B09-11","有木（32林班）","4","297061","2750043"
"MA-B09-12","東滿步道(烏來事業區第36林班)","1","295379","2745793"
"MA-B09-12","東滿步道(烏來事業區第36林班)","2","295224","2745569"
"MA-B09-12","東滿步道(烏來事業區第36林班)","3","295021","2745330"
"MA-B09-12","東滿步道(烏來事業區第36林班)","4","295002","2745055"
"MA-B09-12","東滿步道(烏來事業區第36林班)","5","294814","2744750"
"MA-B09-12","東滿步道(烏來事業區第36林班)","6","294710","2744500"
"MA-B09-13","東眼(38林班)","6","293031","2750310"
"MA-B09-13","東眼(38林班)","5","291490","2750606"
"MA-B09-13","東眼(38林班)","2","289418","2749049"
"MA-B09-13","東眼(38林班)","3","289872","2749274"
"MA-B09-14","五寮（40林班）","1","287104","2749754"
"MA-B09-14","五寮（40林班）","2","287417","2749501"
"MA-B09-15","福巴越嶺古道(檜山)※","2","301213","2740362"
"MA-B09-15","福巴越嶺古道(檜山)※","3","301178","2740121"
"MA-C11-03","三叉坑","1","238478","2685034"
"MA-C11-03","三叉坑","2","238728","2685217"
"MA-C11-03","三叉坑","3","239180","2684617"
"MA-C11-03","三叉坑","4","238770","2684915"
"MA-C11-03","三叉坑","5","238747","2684700"
"MA-C11-03","三叉坑","6","238761","2684458"
"MA-C11-06","穿棟林道","1","240280","2682626"
"MA-C11-06","穿棟林道","2","240496","2682606"
"MA-C11-06","穿棟林道","3","240695","2682695"
"MA-C11-06","穿棟林道","4","240881","2682832"
"MA-C11-06","穿棟林道","5","240835","2683056"
"MA-C11-06","穿棟林道","6","241008","2683214"
"MA-C12-01","大坑","1","229516","2676735"
"MA-C12-01","大坑","2","229395","2676501"
"MA-C12-01","大坑","3","229267","2676300"
"MA-C12-01","大坑","4","229260","2675978"
"MA-C12-01","大坑","5","229242","2675530"
"MA-C12-01","大坑","6","228640","2674869"
"MA-C12-04","安區128、129林班","1","242983","2687638"
"MA-C12-04","安區128、129林班","2","243194","2687523"
"MA-C12-04","安區128、129林班","3","243293","2687291"
"MA-C12-04","安區128、129林班","4","243487","2687150"
"MA-C12-04","安區128、129林班","5","243661","2686976"
"MA-C12-04","安區128、129林班","6","243892","2686889"
"MA-C12-05","安區129、130林班","1","241150","2687520"
"MA-C12-05","安區129、130林班","2","241358","2687640"
"MA-C12-05","安區129、130林班","6","242233","2687875"
"MA-C12-05","安區129、130林班","5","242000","2687950"
"MA-C12-05","安區129、130林班","4","241767","2687926"
"MA-C12-05","安區129、130林班","3","241550","2687800"
"MA-C12-06","安區130、131林班","1","241045","2685746"
"MA-C12-06","安區130、131林班","2","241266","2685624"
"MA-C12-06","安區130、131林班","3","241462","2685454"
"MA-C12-06","安區130、131林班","4","241663","2685283"
"MA-C12-06","安區130、131林班","5","241924","2685325"
"MA-C12-06","安區130、131林班","6","242007","2685082"
"MA-C12-07","安區118、119林班","5","245055","2686459"
"MA-C12-07","安區118、119林班","4","245098","2686834"
"MA-C12-07","安區118、119林班","1","245293","2687347"
"MA-C12-07","安區118、119林班","2","245015","2687257"
"MA-C12-07","安區118、119林班","6","244536","2687127"
"MA-C12-07","安區118、119林班","3","244770","2687163"
"MA-C12-09","安區115林班","1","243475","2691978"
"MA-C12-09","安區115林班","2","243673","2691920"
"MA-C12-09","安區115林班","3","243875","2691886"
"MA-C12-09","安區115林班","4","244014","2691735"
"MA-C12-09","安區115林班","5","244128","2691565"
"MA-C12-09","安區115林班","6","244241","2691396"
"MA-C12-12","水底寮","1","230672","2670818"
"MA-C12-12","水底寮","2","230884","2670851"
"MA-C12-12","水底寮","3","231089","2670866"
"MA-C12-12","水底寮","4","231289","2670888"
"MA-C12-12","水底寮","5","231400","2671061"
"MA-C13-04","勢麗仙區111","1","248227","2674700"
"MA-C13-04","勢麗仙區111","2","248457","2674816"
"MA-C13-04","勢麗仙區111","3","248522","2675049"
"MA-C13-04","勢麗仙區111","4","248609","2675270"
"MA-C13-04","勢麗仙區111","5","248826","2675337"
"MA-C13-04","勢麗仙區111","6","249048","2675352"
"MA-C13-05","勢麗仙區43","1","244100","2673848"
"MA-C13-05","勢麗仙區43","2","243777","2674187"
"MA-C13-05","勢麗仙區43","3","244286","2674010"
"MA-C13-05","勢麗仙區43","4","244028","2674174"
"MA-C13-05","勢麗仙區43","5","244235","2674226"
"MA-C13-05","勢麗仙區43","6","244390","2674419"
"MA-C13-06","勢麗仙區116","1","245442","2673223"
"MA-C13-06","勢麗仙區116","2","245681","2673203"
"MA-C13-06","勢麗仙區116","3","245721","2672959"
"MA-C13-06","勢麗仙區116","4","245764","2672720"
"MA-C13-06","勢麗仙區116","5","245785","2672508"
"MA-C13-06","勢麗仙區116","6","245963","2672351"
"MA-C13-07","勢麗仙區24","1","241654","2675867"
"MA-C13-07","勢麗仙區24","2","241667","2676103"
"MA-C13-07","勢麗仙區24","3","241823","2676268"
"MA-C13-07","勢麗仙區24","4","241927","2676518"
"MA-C13-07","勢麗仙區24","5","241562","2676425"
"MA-C13-07","勢麗仙區24","6","241347","2676351"
"MA-C13-08","勢麗仙區41","1","244001","2675871"
"MA-C13-08","勢麗仙區41","2","244209","2675870"
"MA-C13-08","勢麗仙區41","3","244375","2676029"
"MA-C13-08","勢麗仙區41","4","244421","2676272"
"MA-C13-08","勢麗仙區41","5","244675","2676109"
"MA-C13-08","勢麗仙區41","6","245024","2676403"
"MA-C13-09","勢麗仙區125","1","241863","2675479"
"MA-C13-09","勢麗仙區125","2","241657","2675437"
"MA-C13-09","勢麗仙區125","3","241417","2675342"
"MA-C13-09","勢麗仙區125","4","241182","2674803"
"MA-C13-09","勢麗仙區125","5","241065","2674323"
"MA-C13-09","勢麗仙區125","6","240959","2673893"
"MA-C13-12","勢麗仙區31","1","242963","2675282"
"MA-C13-12","勢麗仙區31","2","243200","2675425"
"MA-C13-12","勢麗仙區31","3","243401","2675491"
"MA-C13-12","勢麗仙區31","4","243708","2675843"
"MA-C13-12","勢麗仙區31","5","243896","2676070"
"MA-C13-12","勢麗仙區31","6","244099","2676385"
"MA-D14-01","孫海橋","1","250293","2631198"
"MA-D14-01","孫海橋","2","250493","2631204"
"MA-D14-01","孫海橋","3","250673","2631272"
"MA-D14-01","孫海橋","4","250860","2631367"
"MA-D14-01","孫海橋","5","251050","2631404"
"MA-D14-01","孫海橋","6","251255","2631353"
"MA-D14-01","孫海橋","8","251640","2631350"
"MA-D14-01","孫海橋","9","251784","2631222"
"MA-D14-01","孫海橋","10","251987","2631192"
"MA-D14-07","巒大25林班","5","241208","2635434"
"MA-D14-07","巒大25林班","4","241333","2635588"
"MA-D14-07","巒大25林班","3","241351","2635785"
"MA-D14-07","巒大25林班","2","241438","2635993"
"MA-D14-07","巒大25林班","6","241300","2635253"
"MA-D14-07","巒大25林班","7","241394","2635077"
"MA-D14-07","巒大25林班","8","241371","2634879"
"MA-D14-07","巒大25林班","9","241258","2634710"
"MA-D14-07","巒大25林班","10","241348","2634528"
"MA-D14-09","巒大61林班","1","239699","2629121"
"MA-D14-09","巒大61林班","2","239706","2628921"
"MA-D14-09","巒大61林班","5","239606","2628337"
"MA-D14-09","巒大61林班","6","239598","2628147"
"MA-D14-09","巒大61林班","7","239700","2627966"
"MA-D14-09","巒大61林班","9","239785","2627598"
"MA-D14-09","巒大61林班","10","239920","2627450"
"MA-D15-02","巒大8林班","2","235808","2643341"
"MA-D15-02","巒大8林班","3","235516","2643343"
"MA-D15-02","巒大8林班","4","235398","2643540"
"MA-D15-02","巒大8林班","5","235173","2643390"
"MA-D15-02","巒大8林班","6","234996","2643281"
"MA-D15-05","白不仔溪橋","1","234274","2621294"
"MA-D15-05","白不仔溪橋","2","234301","2621614"
"MA-D15-05","白不仔溪橋","3","234272","2621875"
"MA-D15-05","白不仔溪橋","4","234260","2622182"
"MA-D15-05","白不仔溪橋","5","234174","2622433"
"MA-D15-05","白不仔溪橋","6","234085","2622678"
"MA-D16-01","菩提寺","1","232925","2658528"
"MA-D16-01","菩提寺","2","232731","2658534"
"MA-D16-01","菩提寺","4","232481","2658713"
"MA-D16-01","菩提寺","5","232453","2658912"
"MA-D16-01","菩提寺","6","232246","2658936"
"MA-D16-02","仙女瀑布","1","231167","2668462"
"MA-D16-02","仙女瀑布","2","231424","2668509"
"MA-D16-02","仙女瀑布","3","231609","2668680"
"MA-D16-02","仙女瀑布","4","231713","2668891"
"MA-D16-02","仙女瀑布","5","231054","2668823"
"MA-D16-02","仙女瀑布","6","230889","2669011"
"MA-D16-03","牽牛坑","6","229514","2660056"
"MA-D16-03","牽牛坑","5","229672","2660205"
"MA-D16-03","牽牛坑","4","229879","2660276"
"MA-D16-03","牽牛坑","3","230072","2660347"
"MA-D16-03","牽牛坑","2","230287","2660473"
"MA-D16-03","牽牛坑","1","230228","2660230"
"MA-D16-04","埔里13、14林班","6","226593","2654727"
"MA-D16-04","埔里13、14林班","5","226279","2654851"
"MA-D16-04","埔里13、14林班","1","226945","2654901"
"MA-D16-04","埔里13、14林班","2","226934","2654490"
"MA-D16-04","埔里13、14林班","3","227428","2654219"
"MA-D16-04","埔里13、14林班","4","227102","2654015"
"MA-D16-05","國姓大石村","1","236222","2654533"
"MA-D16-05","國姓大石村","2","236020","2654535"
"MA-D16-05","國姓大石村","3","235654","2654709"
"MA-D16-05","國姓大石村","4","235894","2654877"
"MA-D16-05","國姓大石村","5","235951","2655069"
"MA-D16-05","國姓大石村","6","236160","2655124"
"MA-D16-06","國姓埔源","1","240483","2661889"
"MA-D16-06","國姓埔源","2","240406","2662076"
"MA-D16-06","國姓埔源","6","240754","2662256"
"MA-D16-06","國姓埔源","3","240262","2661930"
"MA-D16-06","國姓埔源","4","240129","2662137"
"MA-D16-06","國姓埔源","5","240496","2662250"
"MA-D16-07","阿冷坑林道6K","1","243579","2664807"
"MA-D16-07","阿冷坑林道6K","2","243446","2664634"
"MA-D16-07","阿冷坑林道6K","3","243361","2664436"
"MA-D16-07","阿冷坑林道6K","4","243758","2664858"
"MA-D16-07","阿冷坑林道6K","5","243953","2665031"
"MA-D16-07","阿冷坑林道6K","6","244249","2665126"
"MA-D16-09","草屯雙冬","1","228788","2652799"
"MA-D16-09","草屯雙冬","2","228669","2652635"
"MA-D16-09","草屯雙冬","3","228677","2652433"
"MA-D17-06","武界林道（久久巢山）","1","256716","2641997"
"MA-D17-06","武界林道（久久巢山）","2","256531","2642038"
"MA-D17-06","武界林道（久久巢山）","3","256310","2642160"
"MA-D17-06","武界林道（久久巢山）","4","256134","2642247"
"MA-D17-06","武界林道（久久巢山）","6","255628","2642684"
"MA-D18-01","阿里山61林班","1","214300","2627552"
"MA-D18-01","阿里山61林班","2","214101","2627378"
"MA-D18-01","阿里山61林班","3","213988","2627134"
"MA-D18-01","阿里山61林班","4","214235","2627171"
"MA-D18-01","阿里山61林班","5","214170","2627959"
"MA-D18-01","阿里山61林班","6","214039","2626612"
"MA-D18-02","阿里山63林班林北大坑","1","211852","2628845"
"MA-D18-02","阿里山63林班林北大坑","2","212011","2628614"
"MA-D18-02","阿里山63林班林北大坑","3","212161","2628487"
"MA-D18-02","阿里山63林班林北大坑","4","212347","2628235"
"MA-D18-02","阿里山63林班林北大坑","5","212474","2628080"
"MA-D18-02","阿里山63林班林北大坑","6","212706","2627995"
"MA-D18-03","湖山水庫","1","211442","2620777"
"MA-D18-03","湖山水庫","2","211215","2620855"
"MA-D18-03","湖山水庫","3","210926","2620856"
"MA-D18-03","湖山水庫","4","211117","2620603"
"MA-D18-03","湖山水庫","5","211246","2620429"
"MA-D18-03","湖山水庫","6","211266","2620179"
"MA-D18-04","勞水坑","1","216710","2616264"
"MA-D18-04","勞水坑","2","216506","2616212"
"MA-D18-04","勞水坑","3","216284","2616262"
"MA-D18-04","勞水坑","4","216099","2616372"
"MA-D18-04","勞水坑","5","215979","2616541"
"MA-D18-04","勞水坑","6","215778","2616463"
"MA-D18-05","鹿谷(石馬公園)","2","225697","2625432"
"MA-D18-05","鹿谷(石馬公園)","3","225884","2625255"
"MA-D18-05","鹿谷(石馬公園)","4","226032","2625023"
"MA-D18-05","鹿谷(石馬公園)","5","225804","2624957"
"MA-D18-05","鹿谷(石馬公園)","6","225470","2624947"
"MA-D18-07","豐柏步道","1","211295","2635546"
"MA-D18-07","豐柏步道","2","211539","2635575"
"MA-D18-07","豐柏步道","3","211702","2635710"
"MA-D18-07","豐柏步道","4","211901","2635770"
"MA-D18-07","豐柏步道","5","212053","2635946"
"MA-D18-07","豐柏步道","6","212178","2636125"
"MA-D18-08","田中森林公園","1","210374","2639128"
"MA-D18-08","田中森林公園","2","210421","2639350"
"MA-D18-08","田中森林公園","3","210383","2639526"
"MA-D18-08","田中森林公園","4","210320","2639708"
"MA-D18-08","田中森林公園","5","210344","2639928"
"MA-D18-08","田中森林公園","6","210359","2640131"
"MA-D18-09","清水岩","1","210759","2642298"
"MA-D18-09","清水岩","2","211024","2642123"
"MA-D18-09","清水岩","3","211300","2642073"
"MA-D18-09","清水岩","4","210679","2641936"
"MA-D18-09","清水岩","5","210640","2641713"
"MA-D18-09","清水岩","6","210586","2641446"
"MA-D18-10","草嶺","1","217883","2611122"
"MA-D18-10","草嶺","2","218006","2611643"
"MA-D18-10","草嶺","3","218019","2610961"
"MA-D18-10","草嶺","4","218215","2610908"
"MA-D18-10","草嶺","5","218335","2610579"
"MA-D18-10","草嶺","6","218257","2610376"
"MA-E19-01","石屋","1","200663","2551468"
"MA-E19-01","石屋","2","200886","2551429"
"MA-E19-01","石屋","4","201286","2551419"
"MA-E19-01","石屋","5","201733","2551294"
"MA-E19-02","平坑","1","211306","2565566"
"MA-E19-02","平坑","2","211475","2565628"
"MA-E19-02","平坑","3","211669","2565613"
"MA-E19-02","平坑","4","211862","2565705"
"MA-E19-03","鎮南宮","2","185335","2568994"
"MA-E19-03","鎮南宮","3","185519","2569079"
"MA-E19-03","鎮南宮","4","185700","2569175"
"MA-E19-03","鎮南宮","5","185732","2569379"
"MA-E19-03","鎮南宮","6","185800","2569576"
"MA-E19-04","觀日亭","1","189628","2544155"
"MA-E19-04","觀日亭","2","189535","2543971"
"MA-E19-04","觀日亭","3","189474","2543769"
"MA-E19-04","觀日亭","4","189480","2543566"
"MA-E19-04","觀日亭","5","189465","2543359"
"MA-E19-04","觀日亭","6","189414","2543165"
"MA-E19-05","大峽谷","1","192038","2542765"
"MA-E19-05","大峽谷","2","192305","2542814"
"MA-E19-05","大峽谷","4","192595","2542549"
"MA-E19-05","大峽谷","5","192764","2542425"
"MA-E19-05","大峽谷","6","192827","2542223"
"MA-E19-05","大峽谷","3","192481","2542723"
"MA-E19-06","馬斗欄","6","194145","2566354"
"MA-E19-06","馬斗欄","1","194786","2566724"
"MA-E19-06","馬斗欄","2","194676","2566537"
"MA-E19-06","馬斗欄","3","194520","2566409"
"MA-E19-06","馬斗欄","4","194363","2566257"
"MA-E19-06","馬斗欄","5","194318","2566492"
"MA-E19-07","玉井85林班","1","194847","2553240"
"MA-E19-07","玉井85林班","2","194874","2553036"
"MA-E19-07","玉井85林班","3","194888","2552828"
"MA-E19-07","玉井85林班","4","195071","2552739"
"MA-E19-07","玉井85林班","6","195323","2552412"
"MA-E19-07","玉井85林班","5","195218","2552594"
"MA-E19-08","鈺鼎","1","199624","2553424"
"MA-E19-08","鈺鼎","2","199814","2553766"
"MA-E19-08","鈺鼎","3","199864","2553961"
"MA-E19-08","鈺鼎","4","199956","2554145"
"MA-E19-08","鈺鼎","5","200014","2554340"
"MA-E19-08","鈺鼎","6","200002","2554544"
"MA-E19-09","玉井53林班","1","210885","2569541"
"MA-E19-09","玉井53林班","2","210912","2569746"
"MA-E19-09","玉井53林班","3","210870","2569951"
"MA-E19-09","玉井53林班","4","210688","2570071"
"MA-E19-09","玉井53林班","5","210641","2570273"
"MA-E19-09","玉井53林班","6","210847","2570261"
"MA-E19-10","楠西","1","201517","2566112"
"MA-E19-10","楠西","2","201717","2566040"
"MA-E19-10","楠西","3","201914","2566094"
"MA-E19-10","楠西","4","202132","2566128"
"MA-E19-10","楠西","5","202333","2566063"
"MA-E19-10","楠西","6","202507","2565936"
"MA-E19-11","玉山里","1","200809","2552287"
"MA-E19-11","玉山里","3","201149","2552314"
"MA-E19-11","玉山里","4","201333","2552395"
"MA-E19-11","玉山里","5","201536","2552402"
"MA-E21-02","公田","1","214551","2594571"
"MA-E21-02","公田","2","214380","2594708"
"MA-E21-02","公田","3","214222","2594865"
"MA-E21-02","公田","4","214771","2594434"
"MA-E21-02","公田","5","214951","2594391"
"MA-E21-02","公田","6","215113","2594552"
"MA-E21-04","蛟龍溪","2","224530","2607369"
"MA-E21-04","蛟龍溪","1","224371","2607211"
"MA-E21-04","蛟龍溪","3","224345","2606993"
"MA-E21-04","蛟龍溪","5","224722","2606830"
"MA-E21-04","蛟龍溪","6","224951","2606813"
"MA-E21-09","獨立山","3","209894","2604058"
"MA-E21-09","獨立山","5","209433","2604381"
"MA-E21-09","獨立山","6","209266","2604547"
"MA-E21-09","獨立山","2","209855","2604235"
"MA-E21-10","瑞里","1","215135","2603361"
"MA-E21-10","瑞里","2","215348","2603278"
"MA-E21-10","瑞里","3","214956","2603544"
"MA-E21-10","瑞里","4","215565","2603215"
"MA-E21-10","瑞里","5","215786","2603185"
"MA-E21-10","瑞里","6","215279","2603065"
"MA-E21-11","瑞峰","6","215889","2606823"
"MA-E21-11","瑞峰","1","215897","2607268"
"MA-E21-11","瑞峰","4","216340","2606904"
"MA-E21-11","瑞峰","5","216547","2606815"
"MA-E21-11","瑞峰","2","215952","2607056"
"MA-E21-11","瑞峰","3","216108","2606894"
"MA-E22-02","天馬瀑布","1","209903","2585553"
"MA-E22-02","天馬瀑布","2","210041","2585749"
"MA-E22-02","天馬瀑布","3","210166","2585953"
"MA-E22-02","天馬瀑布","4","210313","2586129"
"MA-E22-02","天馬瀑布","5","210461","2586380"
"MA-E22-02","天馬瀑布","6","210296","2585749"
"MA-E22-03","隙頂國小草山分校","1","212964","2585464"
"MA-E22-03","隙頂國小草山分校","2","213515","2585418"
"MA-E22-03","隙頂國小草山分校","3","213192","2585241"
"MA-E22-03","隙頂國小草山分校","4","213131","2584979"
"MA-E22-03","隙頂國小草山分校","5","213199","2584752"
"MA-E22-03","隙頂國小草山分校","6","213229","2584509"
"MA-E22-04","山麻湖公車站","1","210662","2584198"
"MA-E22-04","山麻湖公車站","2","210706","2583965"
"MA-E22-04","山麻湖公車站","3","210607","2583754"
"MA-E22-04","山麻湖公車站","4","210645","2583519"
"MA-E22-04","山麻湖公車站","5","210854","2583357"
"MA-E22-04","山麻湖公車站","6","210646","2583194"
"MA-E22-05","蘆籐坪","1","212924","2582729"
"MA-E22-05","蘆籐坪","2","212674","2582757"
"MA-E22-05","蘆籐坪","3","212546","2582561"
"MA-E22-05","蘆籐坪","4","212453","2582326"
"MA-E22-05","蘆籐坪","5","212168","2582316"
"MA-E22-05","蘆籐坪","6","212005","2582422"
"MA-E22-06","大埔事業區39林班","1","204912","2581826"
"MA-E22-06","大埔事業區39林班","3","205195","2581540"
"MA-E22-06","大埔事業區39林班","4","205373","2581469"
"MA-E22-06","大埔事業區39林班","5","205007","2581636"
"MA-E22-06","大埔事業區39林班","6","205492","2581238"
"MA-E22-07","馬頭山路口公車站","1","210235","2580735"
"MA-E22-07","馬頭山路口公車站","2","210050","2580553"
"MA-E22-07","馬頭山路口公車站","3","209959","2580337"
"MA-E22-07","馬頭山路口公車站","4","209824","2580097"
"MA-E22-07","馬頭山路口公車站","5","209794","2579858"
"MA-E22-07","馬頭山路口公車站","6","209847","2579627"
"MA-E22-08","九恭崎腳","1","212469","2577494"
"MA-E22-08","九恭崎腳","2","212638","2577334"
"MA-E22-08","九恭崎腳","3","212847","2577225"
"MA-E22-08","九恭崎腳","4","213075","2577138"
"MA-E22-08","九恭崎腳","5","213293","2577052"
"MA-E22-08","九恭崎腳","6","213312","2576795"
"MA-E22-09","長枝坑溪","1","208779","2573891"
"MA-E22-09","長枝坑溪","2","209012","2573845"
"MA-E22-09","長枝坑溪","3","209186","2573693"
"MA-E22-09","長枝坑溪","4","209410","2573629"
"MA-E22-09","長枝坑溪","5","209558","2573452"
"MA-E22-09","長枝坑溪","6","209636","2573158"
"MA-E22-10","第三莊公車站","1","205603","2570405"
"MA-E22-10","第三莊公車站","2","205442","2570170"
"MA-E22-10","第三莊公車站","3","205591","2570025"
"MA-E22-10","第三莊公車站","4","205591","2569747"
"MA-E22-10","第三莊公車站","5","205856","2569633"
"MA-E22-10","第三莊公車站","6","206008","2569442"
"MA-E22-11","公興國小","1","212386","2591530"
"MA-E22-11","公興國小","2","212715","2591120"
"MA-E22-11","公興國小","3","212646","2590853"
"MA-E22-11","公興國小","4","212933","2590477"
"MA-E22-11","公興國小","5","213364","2590193"
"MA-E22-11","公興國小","6","213096","2589936"
"MA-E22-12","麻竹湖吊橋","1","213449","2575570"
"MA-E22-12","麻竹湖吊橋","3","213312","2575146"
"MA-E22-12","麻竹湖吊橋","4","213449","2574960"
"MA-E22-12","麻竹湖吊橋","5","213285","2574757"
"MA-E22-12","麻竹湖吊橋","6","213108","2574510"
"MA-E22-13","奉龍谷瀑布","1","210252","2572885"
"MA-E22-13","奉龍谷瀑布","2","210392","2572703"
"MA-E22-13","奉龍谷瀑布","3","210553","2572523"
"MA-E22-13","奉龍谷瀑布","4","210598","2572840"
"MA-E22-13","奉龍谷瀑布","5","210768","2573018"
"MA-E22-13","奉龍谷瀑布","6","210858","2573245"
"MA-F23-01","內英山","2","212794","2552118"
"MA-F23-01","內英山","1","212820","2552349"
"MA-F23-01","內英山","3","212800","2552543"
"MA-F23-01","內英山","4","212934","2552724"
"MA-F23-01","內英山","5","213084","2552905"
"MA-F23-01","內英山","6","213115","2553113"
"MA-F23-02","直瀨","1","215711","2552397"
"MA-F23-02","直瀨","2","215613","2552572"
"MA-F23-02","直瀨","3","215578","2552930"
"MA-F23-02","直瀨","4","215538","2553129"
"MA-F23-02","直瀨","5","215470","2553340"
"MA-F23-02","直瀨","6","215312","2553602"
"MA-F23-04","七坑溫泉","1","223169","2554819"
"MA-F23-04","七坑溫泉","2","223150","2554484"
"MA-F23-04","七坑溫泉","3","223044","2554659"
"MA-F23-04","七坑溫泉","4","222894","2554800"
"MA-F23-04","七坑溫泉","5","222706","2554904"
"MA-F23-04","七坑溫泉","6","222502","2554835"
"MA-F23-05","不老溫泉","1","218179","2552400"
"MA-F23-05","不老溫泉","2","218367","2552586"
"MA-F23-05","不老溫泉","3","218516","2552885"
"MA-F23-05","不老溫泉","4","218501","2553104"
"MA-F23-05","不老溫泉","5","218640","2553277"
"MA-F23-05","不老溫泉","6","218739","2553484"
"MA-F23-06","新開","1","216217","2549528"
"MA-F23-06","新開","2","216455","2549580"
"MA-F23-06","新開","3","216617","2549745"
"MA-F23-06","新開","4","216710","2549978"
"MA-F23-06","新開","5","216822","2550239"
"MA-F23-06","新開","6","216891","2550451"
"MA-F23-07","花果山","6","217233","2545324"
"MA-F23-07","花果山","5","217272","2545547"
"MA-F23-07","花果山","4","217393","2545737"
"MA-F23-07","花果山","3","217563","2545875"
"MA-F23-07","花果山","2","217791","2545986"
"MA-F23-07","花果山","1","217951","2546139"
"MA-F23-09","扇平林道","6","214591","2540817"
"MA-F23-09","扇平林道","5","214450","2540587"
"MA-F23-09","扇平林道","4","214508","2540328"
"MA-F23-09","扇平林道","3","214512","2540130"
"MA-F23-09","扇平林道","2","214576","2539932"
"MA-F23-09","扇平林道","1","215110","2539754"
"MA-F23-10","葫蘆谷","2","214200","2537813"
"MA-F23-10","葫蘆谷","3","214184","2537492"
"MA-F23-10","葫蘆谷","4","214243","2537069"
"MA-F23-10","葫蘆谷","5","214359","2536652"
"MA-F23-10","葫蘆谷","6","214349","2536247"
"MA-F23-11","十八羅漢山","1","213268","2538911"
"MA-F23-11","十八羅漢山","2","213245","2538676"
"MA-F23-11","十八羅漢山","3","213035","2538591"
"MA-F23-11","十八羅漢山","4","212882","2538394"
"MA-F23-11","十八羅漢山","5","212607","2538431"
"MA-F23-11","十八羅漢山","6","212361","2538281"
"MA-F24-02","31林班","1","209656","2552079"
"MA-F24-02","31林班","2","209852","2552194"
"MA-F24-02","31林班","3","210009","2552283"
"MA-F24-02","31林班","4","210206","2552193"
"MA-F24-02","31林班","5","210057","2552036"
"MA-F24-03","34林班","1","207139","2549486"
"MA-F24-03","34林班","2","206983","2549613"
"MA-F24-03","34林班","3","207148","2549753"
"MA-F24-03","34林班","4","207019","2549995"
"MA-F24-03","34林班","5","207228","2549961"
"MA-F24-04","47,49林班","1","209114","2538964"
"MA-F24-04","47,49林班","2","208990","2539299"
"MA-F24-04","47,49林班","3","209201","2538709"
"MA-F24-04","47,49林班","4","209158","2539162"
"MA-F24-04","47,49林班","5","209390","2539381"
"MA-F24-04","47,49林班","6","208806","2539162"
"MA-F24-05","鹿埔北","2","189745","2531608"
"MA-F24-05","鹿埔北","4","189602","2531924"
"MA-F24-05","鹿埔北","5","189514","2532154"
"MA-F24-05","鹿埔北","6","189657","2532323"
"MA-F24-07","3,4林班","1","206663","2552702"
"MA-F24-07","3,4林班","2","206557","2552961"
"MA-F24-07","3,4林班","3","206660","2553263"
"MA-F24-07","3,4林班","4","206424","2554094"
"MA-F24-08","46林班","3","207545","2537932"
"MA-F24-08","46林班","4","207754","2538437"
"MA-F24-08","46林班","6","207651","2538798"
"MA-F24-08","46林班","2","207507","2537641"
"MA-F24-09","113林班","1","188276","2522950"
"MA-F24-09","113林班","2","188090","2522769"
"MA-F24-09","113林班","4","187717","2522586"
"MA-F24-09","113林班","5","187463","2522457"
"MA-F24-09","113林班","6","187304","2522336"
"MA-F24-10","月光山","1","203175","2535811"
"MA-F24-10","月光山","2","203128","2536007"
"MA-F24-10","月光山","3","203048","2536205"
"MA-F24-10","月光山","4","202977","2536389"
"MA-F24-10","月光山","5","202877","2536584"
"MA-F24-11","內門區東勢埔","1","195959","2537320"
"MA-F24-11","內門區東勢埔","2","196232","2537404"
"MA-F24-11","內門區東勢埔","3","196413","2537143"
"MA-F24-11","內門區東勢埔","4","196482","2536920"
"MA-F24-11","內門區東勢埔","5","196807","2537001"
"MA-F24-11","內門區東勢埔","6","196693","2537232"
"MA-F24-12","南勢坑","1","209786","2543038"
"MA-F24-12","南勢坑","2","209819","2542847"
"MA-F24-12","南勢坑","3","209411","2543017"
"MA-F24-12","南勢坑","6","209853","2543353"
"MA-F25-01","大津瀑布(慈津保宮)","1","213142","2527744"
"MA-F25-01","大津瀑布(慈津保宮)","2","213087","2528354"
"MA-F25-01","大津瀑布(慈津保宮)","3","213441","2528883"
"MA-F25-01","大津瀑布(慈津保宮)","4","213258","2528899"
"MA-F25-01","大津瀑布(慈津保宮)","5","213565","2529689"
"MA-F25-01","大津瀑布(慈津保宮)","6","213610","2530952"
"MA-F25-02","觀望山","1","219544","2518154"
"MA-F25-02","觀望山","2","219264","2518365"
"MA-F25-02","觀望山","3","219050","2518155"
"MA-F25-02","觀望山","4","219004","2518362"
"MA-F25-02","觀望山","5","218846","2518610"
"MA-F25-02","觀望山","6","218579","2518810"
"MA-F25-03","沙溪林道","1","216476","2524440"
"MA-F25-03","沙溪林道","2","216716","2524381"
"MA-F25-03","沙溪林道","3","216786","2524064"
"MA-F25-03","沙溪林道","4","216975","2524183"
"MA-F25-03","沙溪林道","5","216761","2524825"
"MA-F25-03","沙溪林道","6","217248","2525001"
"MA-F25-03","沙溪林道","7","217352","2525421"
"MA-F25-04","三地門園區","1","215277","2511711"
"MA-F25-04","三地門園區","2","215821","2511758"
"MA-F25-04","三地門園區","3","216087","2511617"
"MA-F25-04","三地門園區","4","216812","2511296"
"MA-F25-04","三地門園區","5","217219","2511011"
"MA-F25-04","三地門園區","6","217488","2510950"
"MA-F25-06","往佳暮","1","220729","2517906"
"MA-F25-06","往佳暮","2","220607","2518293"
"MA-F25-06","往佳暮","3","220364","2518580"
"MA-F25-06","往佳暮","4","220347","2518811"
"MA-F25-06","往佳暮","5","220563","2518802"
"MA-F25-06","往佳暮","6","220844","2518663"
"MA-F25-06","往佳暮","7","220916","2518409"
"MA-F25-06","往佳暮","8","220980","2518170"
"MA-F25-07","來義林道","8","217389","2491909"
"MA-F25-07","來義林道","4","216349","2490860"
"MA-F25-07","來義林道","2","216079","2490271"
"MA-F25-07","來義林道","1","216095","2489762"
"MA-F25-07","來義林道","3","216331","2490542"
"MA-F25-07","來義林道","5","217232","2491364"
"MA-F25-07","來義林道","6","217246","2490563"
"MA-F25-07","來義林道","7","217852","2491028"
"MA-F25-08","枋山溪管制站","7","223081","2463930"
"MA-F25-08","枋山溪管制站","6","222033","2463461"
"MA-F25-08","枋山溪管制站","5","221934","2463714"
"MA-F25-08","枋山溪管制站","4","222099","2463902"
"MA-F25-08","枋山溪管制站","3","222096","2464226"
"MA-F25-08","枋山溪管制站","2","221655","2464484"
"MA-F25-08","枋山溪管制站","1","221266","2464484"
"MA-F25-09","往潮39保留地","2","225162","2457079"
"MA-F25-09","往潮39保留地","3","224948","2457252"
"MA-F25-09","往潮39保留地","6","224713","2458434"
"MA-F25-09","往潮39保留地","1","225577","2457157"
"MA-F25-09","往潮39保留地","4","224985","2457439"
"MA-F25-09","往潮39保留地","5","224925","2458021"
"MA-F25-10","丹路","1","224069","2455630"
"MA-F25-10","丹路","2","223996","2455438"
"MA-F25-10","丹路","3","223954","2455205"
"MA-F25-10","丹路","4","223978","2454988"
"MA-F25-10","丹路","5","224157","2454934"
"MA-F25-11","竹坑","1","219938","2451262"
"MA-F25-11","竹坑","2","220124","2451071"
"MA-F25-11","竹坑","3","220264","2451197"
"MA-F25-11","竹坑","4","220471","2451197"
"MA-F25-12","壽卡往內文","1","230850","2460515"
"MA-F25-12","壽卡往內文","2","231331","2460630"
"MA-F25-12","壽卡往內文","3","232094","2460444"
"MA-F25-12","壽卡往內文","4","232402","2460522"
"MA-F25-12","壽卡往內文","5","232724","2460506"
"MA-F25-12","壽卡往內文","6","233269","2460609"
"MA-F25-13","往舊日本宿舍","2","216650","2500238"
"MA-F25-13","往舊日本宿舍","3","216325","2500287"
"MA-F25-13","往舊日本宿舍","4","215918","2500342"
"MA-F25-13","往舊日本宿舍","5","215661","2500642"
"MA-F25-13","往舊日本宿舍","6","215883","2500591"
"MA-F25-13","往舊日本宿舍","1","215967","2500115"
"MA-F26-01","墾丁苗圃","2","230136","2428382"
"MA-F26-01","墾丁苗圃","4","230310","2428807"
"MA-F26-01","墾丁苗圃","6","230083","2428768"
"MA-F26-01","墾丁苗圃","5","230038","2428568"
"MA-F26-02","恆春事業區第9林班","1","224635","2448656"
"MA-F26-02","恆春事業區第9林班","2","224580","2448880"
"MA-F26-02","恆春事業區第9林班","3","224564","2449317"
"MA-F26-03","59林班-九棚段","1","236268","2446528"
"MA-F26-03","59林班-九棚段","2","236446","2446650"
"MA-F26-03","59林班-九棚段","3","236634","2446637"
"MA-F26-04","國產局接管地射麻裡段","1","230850","2440112"
"MA-F26-04","國產局接管地射麻裡段","2","230628","2439888"
"MA-F26-04","國產局接管地射麻裡段","3","230232","2438956"
"MA-F26-04","國產局接管地射麻裡段","4","230234","2438654"
"MA-F26-04","國產局接管地射麻裡段","5","230357","2438423"
"MA-F26-04","國產局接管地射麻裡段","6","231173","2438674"
"MA-F26-05","恆春事業區第13林班","1","227277","2449661"
"MA-F26-05","恆春事業區第13林班","2","227249","2449916"
"MA-F26-05","恆春事業區第13林班","3","227176","2450113"
"MA-F26-05","恆春事業區第13林班","4","226947","2450151"
"MA-F26-05","恆春事業區第13林班","5","227027","2450378"
"MA-F26-05","恆春事業區第13林班","6","227213","2450483"
"MA-F26-06","恆春事業區第57林班","1","233585","2444850"
"MA-F26-06","恆春事業區第57林班","2","233581","2445124"
"MA-F26-06","恆春事業區第57林班","3","234466","2445230"
"MA-F26-06","恆春事業區第57林班","4","233839","2445032"
"MA-F26-06","恆春事業區第57林班","5","234054","2444950"
"MA-F26-06","恆春事業區第57林班","6","234218","2445024"
"MA-F26-07","恆春事業區第39林班","1","231500","2436708"
"MA-F26-07","恆春事業區第39林班","2","231137","2436350"
"MA-F26-07","恆春事業區第39林班","3","230514","2436578"
"MA-F26-07","恆春事業區第39林班","4","230163","2436797"
"MA-F26-07","恆春事業區第39林班","5","230238","2437049"
"MA-F26-07","恆春事業區第39林班","6","229913","2436920"
"MA-F26-08","恆春事業區第7林班","1","223625","2445642"
"MA-F26-08","恆春事業區第7林班","2","223658","2445942"
"MA-F26-08","恆春事業區第7林班","3","223725","2446175"
"MA-F26-08","恆春事業區第7林班","4","223812","2446416"
"MA-F26-08","恆春事業區第7林班","6","223936","2446845"
"MA-F26-08","恆春事業區第7林班","5","223836","2446665"
"MA-F26-09","恆春事業區第35林班","6","233266","2427785"
"MA-F26-10","宣化段、五里亭段","1","226283","2438213"
"MA-F26-10","宣化段、五里亭段","2","226203","2438507"
"MA-F26-10","宣化段、五里亭段","3","226127","2438915"
"MA-F26-10","宣化段、五里亭段","4","225570","2439017"
"MA-F26-10","宣化段、五里亭段","5","226142","2439563"
"MA-G27-01","鹿鳴","7","275874","2579536"
"MA-G27-01","鹿鳴","6","276224","2579526"
"MA-G27-01","鹿鳴","5","276331","2579327"
"MA-G27-01","鹿鳴","4","276139","2579194"
"MA-G27-01","鹿鳴","3","276075","2578997"
"MA-G27-01","鹿鳴","2","276188","2578721"
"MA-G27-01","鹿鳴","1","276365","2578824"
"MA-G27-02","酸柑","1","281270","2585187"
"MA-G27-02","酸柑","2","281404","2585007"
"MA-G27-02","酸柑","3","281602","2584660"
"MA-G27-02","酸柑","4","281607","2584879"
"MA-G27-02","酸柑","5","281794","2584620"
"MA-G27-02","酸柑","6","282112","2584563"
"MA-G27-03","三民","2","284577","2592226"
"MA-G27-03","三民","3","284440","2592030"
"MA-G27-03","三民","4","284470","2591788"
"MA-G27-03","三民","5","284516","2591501"
"MA-G27-03","三民","6","284782","2591557"
"MA-G27-03","三民","7","284841","2591195"
"MA-G27-03","三民","8","285058","2591765"
"MA-G27-04","樂合","1","288323","2579566"
"MA-G27-04","樂合","2","288134","2579656"
"MA-G27-04","樂合","3","287894","2579652"
"MA-G27-04","樂合","4","287537","2579746"
"MA-G27-04","樂合","5","287364","2579707"
"MA-G27-04","樂合","6","287158","2579725"
"MA-G27-05","阿眉溪","1","284968","2571293"
"MA-G27-05","阿眉溪","2","284793","2571418"
"MA-G27-05","阿眉溪","3","284682","2571575"
"MA-G27-06","台23線","1","278904","2557004"
"MA-G27-06","台23線","2","279048","2557324"
"MA-G27-06","台23線","3","278881","2557509"
"MA-G27-06","台23線","4","278670","2557488"
"MA-G27-06","台23線","5","278589","2557700"
"MA-G28-01","木瓜山8林班","1","304541","2656454"
"MA-G28-01","木瓜山8林班","2","304782","2656336"
"MA-G28-01","木瓜山8林班","3","304985","2656305"
"MA-G28-01","木瓜山8林班","4","305202","2656132"
"MA-G28-01","木瓜山8林班","5","305413","2655891"
"MA-G28-01","木瓜山8林班","6","305562","2655557"
"MA-G28-02","北坑","2","306632","2631689"
"MA-G28-02","北坑","3","306891","2631725"
"MA-G28-02","北坑","4","306154","2631781"
"MA-G28-02","北坑","5","306444","2632054"
"MA-G28-02","北坑","6","306591","2631863"
"MA-G28-03","南坑","1","304899","2629655"
"MA-G28-03","南坑","2","304979","2629880"
"MA-G28-04","林田山144林班","7","309406","2643163"
"MA-G28-04","林田山144林班","1","309508","2643731"
"MA-G28-04","林田山144林班","2","309393","2643570"
"MA-G28-04","林田山144林班","3","309303","2643377"
"MA-G28-04","林田山144林班","4","309201","2643171"
"MA-G28-05","嶺頂路207","1","308278","2639984"
"MA-G28-05","嶺頂路207","2","308202","2639766"
"MA-G28-05","嶺頂路207","3","308132","2639544"
"MA-G28-05","嶺頂路207","4","307949","2639386"
"MA-G28-05","嶺頂路207","5","307864","2639248"
"MA-G28-05","嶺頂路207","6","307800","2639081"
"MA-G28-05","嶺頂路207","7","307638","2638763"
"MA-G28-06","月眉208卡箱","3","307182","2640201"
"MA-G28-06","月眉208卡箱","5","307077","2640031"
"MA-G28-06","月眉208卡箱","4","307294","2640021"
"MA-G28-06","月眉208卡箱","6","306837","2640233"
"MA-G28-07","米亞丸","1","300225","2644826"
"MA-G28-07","米亞丸","2","300062","2644688"
"MA-G28-07","米亞丸","3","299866","2644594"
"MA-G28-07","米亞丸","4","299631","2644582"
"MA-G28-07","米亞丸","5","299521","2644384"
"MA-G28-08","呂華礦場","1","292275","2637751"
"MA-G28-11","向陽步道","1","306285","2654899"
"MA-G28-11","向陽步道","2","306170","2654224"
"MA-G28-11","向陽步道","3","305965","2654428"
"MA-G28-11","向陽步道","4","305685","2654239"
"MA-G28-11","向陽步道","5","305479","2654190"
"MA-G28-11","向陽步道","6","305016","2654280"
"MA-G28-12","楓林步道","5","305448","2651208"
"MA-G28-12","楓林步道","4","305683","2651489"
"MA-G28-12","楓林步道","3","305396","2651962"
"MA-G28-12","楓林步道","6","305391","2651651"
"MA-G28-12","楓林步道","2","306008","2651730"
"MA-G28-12","楓林步道","1","305983","2651976"
"MA-G29-02","三棧溪","2","310798","2667236"
"MA-G29-03","佳民村","1","309258","2659823"
"MA-G29-03","佳民村","2","309444","2660031"
"MA-G29-03","佳民村","3","309746","2660338"
"MA-G29-03","佳民村","4","309893","2660540"
"MA-G29-03","佳民村","5","309495","2660515"
"MA-G29-03","佳民村","6","309731","2660770"
"MA-G29-04","花蓮縣合流※","1","302745","2674828"
"MA-G29-04","花蓮縣合流※","2","302108","2674798"
"MA-G29-04","花蓮縣合流※","4","302450","2674767"
"MA-G29-04","花蓮縣合流※","3","302255","2674865"
"MA-G29-04","花蓮縣合流※","5","301615","2674949"
"MA-G29-04","花蓮縣合流※","7","302258","2674703"
"MA-G29-05","克寶山","1","325761","2688539"
"MA-G29-05","克寶山","2","325045","2688713"
"MA-G29-05","克寶山","3","324993","2688369"
"MA-G29-05","克寶山","4","324015","2689070"
"MA-G29-05","克寶山","5","324449","2688979"
"MA-G29-05","克寶山","6","323740","2688057"
"MA-G29-07","洛韶※","1","299257","2676182"
"MA-G29-07","洛韶※","2","298858","2676442"
"MA-G29-07","洛韶※","3","298488","2676812"
"MA-G29-07","洛韶※","4","298043","2677107"
"MA-G29-07","洛韶※","5","297606","2677202"
"MA-G29-07","洛韶※","6","296849","2677356"
"MA-G29-07","洛韶※","7","296579","2677693"
"MA-G29-07","洛韶※","8","295921","2677552"
"MA-G29-07","洛韶※","9","295842","2677973"
"MA-G30-02","鳳林水源地61林班","3","293152","2627666"
"MA-G30-02","鳳林水源地61林班","2","293466","2627067"
"MA-G30-04","萬榮林道19k","1","285140","2627212"
"MA-G30-04","萬榮林道19k","2","285175","2627450"
"MA-G30-04","萬榮林道19k","3","285159","2627686"
"MA-G30-06","光復林道13k+400","6","287688","2618213"
"MA-G30-06","光復林道13k+400","5","288120","2618078"
"MA-G30-06","光復林道13k+400","4","287930","2618815"
"MA-G30-06","光復林道13k+400","3","288221","2618552"
"MA-G30-06","光復林道13k+400","2","288637","2618284"
"MA-G30-06","光復林道13k+400","1","288937","2618275"
"MA-G30-07","光豐公路8k+500","1","299615","2615951"
"MA-G30-07","光豐公路8k+500","2","299759","2615796"
"MA-G30-07","光豐公路8k+500","3","300289","2615885"
"MA-G30-07","光豐公路8k+500","4","300069","2615568"
"MA-G30-07","光豐公路8k+500","5","299879","2615335"
"MA-G30-07","光豐公路8k+500","6","299972","2614773"
"MA-G30-08","八里灣99林班","1","300758","2608541"
"MA-G30-08","八里灣99林班","2","300688","2608052"
"MA-G30-08","八里灣99林班","3","300424","2608068"
"MA-G30-08","八里灣99林班","4","300403","2607741"
"MA-G30-08","八里灣99林班","5","299969","2607647"
"MA-G30-08","八里灣99林班","6","299720","2607453"
"MA-G30-09","縣道193線山興","1","300600","2623645"
"MA-G30-09","縣道193線山興","2","300760","2623505"
"MA-G30-09","縣道193線山興","3","300516","2623200"
"MA-G30-09","縣道193線山興","4","300376","2622798"
"MA-G30-09","縣道193線山興","5","300034","2622033"
"MA-G30-09","縣道193線山興","6","300324","2622042"
"MA-G30-10","光豐公路5k+500","1","297343","2616626"
"MA-G30-10","光豐公路5k+500","2","297820","2616831"
"MA-G30-10","光豐公路5k+500","3","298063","2616636"
"MA-G30-10","光豐公路5k+500","4","297875","2616394"
"MA-G30-10","光豐公路5k+500","5","298180","2616455"
"MA-G30-10","光豐公路5k+500","6","298600","2616480"
"MA-G30-11","新社產業道路梳子壩","4","304299","2618013"
"MA-G30-11","新社產業道路梳子壩","2","304549","2617742"
"MA-G30-11","新社產業道路梳子壩","1","304532","2617986"
"MA-G30-11","新社產業道路梳子壩","3","304574","2617504"
"MA-G30-11","新社產業道路梳子壩","5","304696","2617330"
"MA-G30-11","新社產業道路梳子壩","6","304695","2616981"
"MA-G30-12","花46線18k+500","6","305575","2627106"
"MA-G30-12","花46線18k+500","5","305997","2627232"
"MA-G30-12","花46線18k+500","4","306349","2627558"
"MA-G30-12","花46線18k+500","3","306383","2627904"
"MA-G30-12","花46線18k+500","2","306623","2627607"
"MA-G30-12","花46線18k+500","1","306829","2627672"
"MA-G30-13","縣道193線50k草鼻","1","301491","2627706"
"MA-G30-13","縣道193線50k草鼻","2","301297","2627797"
"MA-G30-13","縣道193線50k草鼻","3","301081","2627714"
"MA-G30-13","縣道193線50k草鼻","4","301241","2628337"
"MA-G30-13","縣道193線50k草鼻","5","300894","2628168"
"MA-H31-01","大武1林班麻林道","1","242992","2499021"
"MA-H31-01","大武1林班麻林道","2","243198","2498967"
"MA-H31-01","大武1林班麻林道","3","243389","2499059"
"MA-H31-01","大武1林班麻林道","4","243600","2499131"
"MA-H31-01","大武1林班麻林道","5","243694","2499313"
"MA-H31-01","大武1林班麻林道","6","243905","2499416"
"MA-H31-02","大武11林班富山產業道路","1","246678","2495342"
"MA-H31-02","大武11林班富山產業道路","2","246714","2495123"
"MA-H31-02","大武11林班富山產業道路","3","246689","2494909"
"MA-H31-02","大武11林班富山產業道路","4","246487","2494826"
"MA-H31-02","大武11林班富山產業道路","5","246579","2494644"
"MA-H31-02","大武11林班富山產業道路","6","246534","2494429"
"MA-H31-03","大武21林班金崙溪流域","1","240170","2490933"
"MA-H31-03","大武21林班金崙溪流域","6","239949","2490897"
"MA-H31-03","大武21林班金崙溪流域","5","239754","2490799"
"MA-H31-03","大武21林班金崙溪流域","4","239568","2490689"
"MA-H31-03","大武21林班金崙溪流域","3","239449","2490496"
"MA-H31-03","大武21林班金崙溪流域","2","239309","2490338"
"MA-H31-04","大武24林班大竹溪流域","6","236531","2482997"
"MA-H31-04","大武24林班大竹溪流域","5","236331","2482909"
"MA-H31-04","大武24林班大竹溪流域","4","236144","2482793"
"MA-H31-04","大武24林班大竹溪流域","3","235946","2482699"
"MA-H31-04","大武24林班大竹溪流域","2","235780","2482554"
"MA-H31-04","大武24林班大竹溪流域","1","235563","2482508"
"MA-H31-05","大武30林班","6","235280","2480172"
"MA-H31-05","大武30林班","5","235327","2480366"
"MA-H31-05","大武30林班","4","235501","2480514"
"MA-H31-05","大武30林班","3","235556","2480728"
"MA-H31-05","大武30林班","2","235772","2480755"
"MA-H31-06","大武36林班","5","233969","2478559"
"MA-H31-06","大武36林班","6","234170","2478530"
"MA-H31-06","大武36林班","4","233760","2478629"
"MA-H31-06","大武36林班","3","233609","2478821"
"MA-H31-06","大武36林班","2","233564","2479032"
"MA-H31-08","大武38林班浸水營步道中海拔處","1","232096","2475161"
"MA-H31-08","大武38林班浸水營步道中海拔處","2","232286","2475058"
"MA-H31-08","大武38林班浸水營步道中海拔處","3","232472","2474931"
"MA-H31-08","大武38林班浸水營步道中海拔處","4","232622","2475084"
"MA-H31-08","大武38林班浸水營步道中海拔處","5","232831","2475068"
"MA-H31-08","大武38林班浸水營步道中海拔處","6","233046","2475110"
"MA-H31-09","大武44林班加拉板溪","1","235473","2472717"
"MA-H31-09","大武44林班加拉板溪","2","235689","2472793"
"MA-H31-09","大武44林班加拉板溪","5","236197","2473170"
"MA-H31-09","大武44林班加拉板溪","6","236087","2473340"
"MA-H31-10","保安林2520","1","234931","2468724"
"MA-H31-10","保安林2520","2","235147","2468687"
"MA-H31-10","保安林2520","3","235352","2468618"
"MA-H31-10","保安林2520","4","235319","2468815"
"MA-H31-10","保安林2520","5","235316","2469021"
"MA-H31-10","保安林2520","6","235495","2468936"
"MA-H31-11","森永段","1","232745","2462013"
"MA-H31-11","森永段","2","232529","2461949"
"MA-H31-11","森永段","3","232389","2461797"
"MA-H31-11","森永段","4","232267","2461945"
"MA-H31-11","森永段","5","232182","2462131"
"MA-H31-11","森永段","6","232063","2462326"
"MA-H31-13","安朔段","1","232681","2468330"
"MA-H31-13","安朔段","2","232883","2468426"
"MA-H31-13","安朔段","3","233030","2468571"
"MA-H31-13","安朔段","4","233225","2468618"
"MA-H31-13","安朔段","5","233378","2468542"
"MA-H31-13","安朔段","6","233575","2468635"
"MA-H32-01","台東3林班","1","262285","2530908"
"MA-H32-01","台東3林班","3","262576","2530838"
"MA-H32-01","台東3林班","5","262578","2531125"
"MA-H32-01","台東3林班","6","262351","2531126"
"MA-H32-02","台東4林班","4","256266","2526874"
"MA-H32-02","台東4林班","3","256034","2526914"
"MA-H32-02","台東4林班","2","255819","2526998"
"MA-H32-02","台東4林班","6","256826","2526782"
"MA-H32-02","台東4林班","1","255550","2527003"
"MA-H32-02","台東4林班","5","256500","2526840"
"MA-H32-03","5號巡邏箱","1","261099","2523664"
"MA-H32-03","5號巡邏箱","2","261256","2523485"
"MA-H32-03","5號巡邏箱","3","261472","2523504"
"MA-H32-03","5號巡邏箱","4","261682","2523672"
"MA-H32-03","5號巡邏箱","5","261404","2524050"
"MA-H32-03","5號巡邏箱","6","262223","2523675"
"MA-H32-04","台東2林班","1","263322","2528302"
"MA-H32-04","台東2林班","2","263142","2528445"
"MA-H32-04","台東2林班","3","262921","2528466"
"MA-H32-04","台東2林班","4","262696","2528486"
"MA-H32-04","台東2林班","6","262253","2528560"
"MA-H32-06","台東8林班","1","253506","2519886"
"MA-H32-06","台東8林班","2","253636","2519785"
"MA-H32-06","台東8林班","3","253726","2519542"
"MA-H32-06","台東8林班","4","253678","2519373"
"MA-H32-06","台東8林班","5","253567","2519197"
"MA-H32-06","台東8林班","6","253817","2518911"
"MA-H32-08","台東30林班","1","253547","2514079"
"MA-H32-08","台東30林班","2","254065","2515919"
"MA-H32-08","台東30林班","3","254235","2516046"
"MA-H32-08","台東30林班","4","254226","2515796"
"MA-H32-08","台東30林班","5","254394","2515670"
"MA-H32-08","台東30林班","6","254179","2515129"
"MA-H32-09","台東31林班知本林道","1","249312","2512127"
"MA-H32-09","台東31林班知本林道","2","249535","2512164"
"MA-H32-09","台東31林班知本林道","3","249726","2512003"
"MA-H32-09","台東31林班知本林道","4","249891","2511620"
"MA-H32-09","台東31林班知本林道","5","250257","2511245"
"MA-H32-09","台東31林班知本林道","6","250499","2511105"
"MA-H32-10","月娘坡","1","251962","2509905"
"MA-H32-10","月娘坡","2","251783","2510051"
"MA-H32-10","月娘坡","3","251737","2509743"
"MA-H32-10","月娘坡","4","252672","2510434"
"MA-H32-10","月娘坡","5","253229","2509450"
"MA-H32-10","月娘坡","6","253131","2510239"
"MA-H32-11","19號巡邏箱","1","248324","2505877"
"MA-H32-11","19號巡邏箱","2","248480","2505709"
"MA-H32-11","19號巡邏箱","3","248468","2505386"
"MA-H32-11","19號巡邏箱","4","248633","2505547"
"MA-H32-11","19號巡邏箱","5","248644","2505251"
"MA-H32-11","19號巡邏箱","6","248714","2505040"
"MA-H33-01","龍泉","1","267876","2562435"
"MA-H33-01","龍泉","2","268122","2562555"
"MA-H33-01","龍泉","3","268310","2562734"
"MA-H33-01","龍泉","4","268388","2562954"
"MA-H33-01","龍泉","5","268610","2562863"
"MA-H33-01","龍泉","7","269157","2562590"
"MA-H33-05","新武海棗保護區","1","262006","2558715"
"MA-H33-05","新武海棗保護區","3","262085","2559212"
"MA-H33-05","新武海棗保護區","4","261291","2559667"
"MA-H33-05","新武海棗保護區","7","259909","2559953"
"MA-H33-05","新武海棗保護區","8","259430","2559876"
"MA-H33-05","新武海棗保護區","2","262063","2558909"
"MA-H33-05","新武海棗保護區","5","260670","2559616"
"MA-H33-05","新武海棗保護區","6","260377","2559934"
"MA-H33-07","武陵","1","260698","2541212"
"MA-H33-07","武陵","2","260630","2540868"
"MA-H33-07","武陵","3","260445","2540701"
"MA-H33-07","武陵","4","260111","2540781"
"MA-H33-07","武陵","5","259523","2540877"
"MA-H33-07","武陵","6","260022","2541021"
"MA-H33-07","武陵","7","259526","2541199"
"MA-H33-07","武陵","8","259324","2541245"
"MA-H33-07","武陵","9","259290","2541485"
"MA-H33-08","永康廢棄林道","1","260935","2536440"
"MA-H33-08","永康廢棄林道","2","260716","2536392"
"MA-H33-08","永康廢棄林道","3","260509","2536197"
"MA-H33-08","永康廢棄林道","4","260376","2536318"
"MA-H33-08","永康廢棄林道","5","260115","2536313"
"MA-H33-08","永康廢棄林道","6","260090","2536566"
"MA-H33-08","永康廢棄林道","7","259735","2536771"
"MA-H33-10","鹿野高臺","2","263586","2534794"
"MA-H33-10","鹿野高臺","7","262619","2535029"
"MA-H33-10","鹿野高臺","1","263303","2534654"
"MA-H33-10","鹿野高臺","4","263138","2535265"
"MA-H33-11","鸞山松林","1","266812","2532922"
"MA-H33-11","鸞山松林","2","267256","2533504"
"MA-H33-11","鸞山松林","3","267690","2533374"
"MA-H33-11","鸞山松林","4","267914","2533392"
"MA-H33-11","鸞山松林","5","268320","2533697"
"MA-H33-11","鸞山松林","6","268426","2534141"
"MA-H33-12","寶華","1","268873","2541648"
"MA-H33-12","寶華","2","268845","2541232"
"MA-H33-12","寶華","3","269167","2541120"
"MA-H33-12","寶華","4","269524","2540716"
"MA-H33-12","寶華","5","269430","2540311"
"MA-H33-12","寶華","6","270031","2540129"
"MA-H33-12","寶華","7","269445","2539852"
"MA-H33-13","電光日出","2","268405","2547258"
"MA-H33-13","電光日出","3","268336","2546932"
"MA-H33-13","電光日出","4","268766","2547135"
"MA-H33-13","電光日出","6","269212","2547019"
"MA-H33-13","電光日出","7","269308","2546701"
"MA-H33-13","電光日出","8","269610","2546484"
"MA-H33-13","電光日出","9","269827","2546658"
"MA-H33-14","富興山棕寮","1","272625","2552701"
"MA-H33-14","富興山棕寮","3","272940","2552250"
"MA-H33-14","富興山棕寮","4","273227","2552061"
"MA-H33-14","富興山棕寮","5","273528","2551828"
"MA-H33-14","富興山棕寮","6","273510","2551483"
"MA-H33-14","富興山棕寮","7","274143","2551927"
"MA-H33-14","富興山棕寮","8","274279","2551476"
"MA-H33-15","台東縣內本鹿古道※","2","253708","2530359"
"MA-H33-15","台東縣內本鹿古道※","3","253568","2530206"
"MA-H33-15","台東縣內本鹿古道※","4","253309","2530140"
"MA-H33-15","台東縣內本鹿古道※","5","253115","2530061"
"MA-H33-15","台東縣內本鹿古道※","6","252887","2530120"
"MA-H34-01","成功事業區13林班","6","280270","2540570"
"MA-H34-01","成功事業區13林班","5","280069","2540663"
"MA-H34-01","成功事業區13林班","4","279878","2540599"
"MA-H34-01","成功事業區13林班","3","279779","2540407"
"MA-H34-01","成功事業區13林班","2","279577","2540399"
"MA-H34-01","成功事業區13林班","1","279351","2540397"
"MA-H34-02","成功事業區37林班","1","282121","2545503"
"MA-H34-02","成功事業區37林班","2","282338","2545335"
"MA-H34-02","成功事業區37林班","5","282893","2545783"
"MA-H34-02","成功事業區37林班","6","282794","2546009"
"MA-H34-03","成功事業區28林班","5","275645","2550092"
"MA-H34-03","成功事業區28林班","4","275442","2549972"
"MA-H34-03","成功事業區28林班","3","275294","2549753"
"MA-H34-03","成功事業區28林班","1","275238","2549180"
"MA-H34-04","成功事業區30林班","1","279195","2550593"
"MA-H34-04","成功事業區30林班","2","279042","2550770"
"MA-H34-04","成功事業區30林班","3","278764","2550914"
"MA-H34-04","成功事業區30林班","4","278510","2551117"
"MA-H34-04","成功事業區30林班","5","278472","2551370"
"MA-H34-04","成功事業區30林班","6","278272","2551491"
"MA-H34-05","成功事業區32林班","6","278505","2555591"
"MA-H34-05","成功事業區32林班","5","278305","2555458"
"MA-H34-05","成功事業區32林班","4","278132","2555319"
"MA-H34-05","成功事業區32林班","3","277917","2555158"
"MA-H34-05","成功事業區32林班","2","277593","2555310"
"MA-H34-05","成功事業區32林班","1","277405","2555158"
"MA-H34-06","成功事業區40林班","1","284907","2558176"
"MA-H34-06","成功事業區40林班","2","285137","2558299"
"MA-H34-06","成功事業區40林班","3","285360","2558187"
"MA-H34-06","成功事業區40林班","4","285525","2558363"
"MA-H34-06","成功事業區40林班","5","285752","2558469"
"MA-H34-06","成功事業區40林班","6","285975","2558454"
"MA-H34-07","成功事業區41林班","1","286585","2560428"
"MA-H34-07","成功事業區41林班","2","286761","2560574"
"MA-H34-07","成功事業區41林班","3","286793","2560796"
"MA-H34-07","成功事業區41林班","4","287026","2560363"
"MA-H34-07","成功事業區41林班","6","287602","2559967"
"MA-H34-08","成功事業區47林班","1","287832","2570545"
"MA-H34-08","成功事業區47林班","2","288352","2570411"
"MA-H34-08","成功事業區47林班","3","288568","2569852"
"MA-H34-08","成功事業區47林班","4","289145","2569548"
"MA-H34-08","成功事業區47林班","6","289364","2568900"
"MA-H34-09","成功事業區49林班","1","289112","2573000"
"MA-H34-09","成功事業區49林班","2","289270","2572785"
"MA-H34-09","成功事業區49林班","3","289395","2572521"
"MA-H34-09","成功事業區49林班","4","289644","2572463"
"MA-H34-09","成功事業區49林班","5","289861","2572432"
"MA-H34-09","成功事業區49林班","6","290105","2572355"
"MA-H34-11","成功事業區54林班","3","294459","2582346"
"MA-H34-11","成功事業區54林班","4","294682","2582284"
"MA-H34-11","成功事業區54林班","1","294424","2582756"
"MA-H34-11","成功事業區54林班","2","294677","2582664"
"MA-H34-11","成功事業區54林班","5","294957","2582744"
"MA-H34-12","成功事業區61林班","1","296471","2591413"
"MA-H34-12","成功事業區61林班","2","296726","2591472"
"MA-H34-12","成功事業區61林班","3","296978","2591341"
"MA-H34-12","成功事業區61林班","4","297242","2591381"
"MA-H34-12","成功事業區61林班","5","297511","2591414"
"MA-H34-12","成功事業區61林班","6","297770","2591322"
"MB-A01-03","明池","1","296494","2726348"
"MB-A01-03","明池","2","296606","2726634"
"MB-A01-03","明池","3","296766","2726645"
"MB-A01-03","明池","4","296835","2726455"
"MB-A01-03","明池","5","297014","2726548"
"MB-A01-04","棲蘭A","1","293735","2720264"
"MB-A01-04","棲蘭A","2","293849","2720099"
"MB-A01-04","棲蘭A","3","293981","2720235"
"MB-A01-04","棲蘭A","4","294193","2720253"
"MB-A01-04","棲蘭A","5","294267","2720433"
"MB-A01-04","棲蘭A","6","294382","2720601"
"MB-A01-05","棲蘭D","1","294907","2721434"
"MB-A01-05","棲蘭D","2","295113","2721412"
"MB-A01-05","棲蘭D","3","295291","2721328"
"MB-A01-05","棲蘭D","4","295447","2721464"
"MB-A01-05","棲蘭D","5","295530","2721655"
"MB-A01-05","棲蘭D","6","295746","2721648"
"MB-A01-06","鴛鴦湖130號林道※","1","293749","2721127"
"MB-A01-06","鴛鴦湖130號林道※","2","293433","2721156"
"MB-A01-06","鴛鴦湖130號林道※","3","293293","2721393"
"MB-A01-07","翠峰林道","1","309549","2711933"
"MB-A01-07","翠峰林道","2","309572","2712119"
"MB-A01-07","翠峰林道","3","309783","2712067"
"MB-A01-07","翠峰林道","4","309834","2711842"
"MB-A01-08","四季林道","2","294741","2708902"
"MB-A01-08","四季林道","1","294511","2708845"
"MB-A01-08","四季林道","3","294887","2709031"
"MB-A01-08","四季林道","4","295061","2709111"
"MB-A01-08","四季林道","5","295244","2709215"
"MB-A01-08","四季林道","6","295409","2709187"
"MB-A01-09","望洋山 (翠峰山屋)","1","311498","2711766"
"MB-A01-09","望洋山 (翠峰山屋)","2","311686","2711684"
"MB-A01-09","望洋山 (翠峰山屋)","3","311845","2711542"
"MB-A01-09","望洋山 (翠峰山屋)","4","312058","2711514"
"MB-A01-09","望洋山 (翠峰山屋)","5","312016","2711278"
"MB-A01-09","望洋山 (翠峰山屋)","6","312182","2711154"
"MB-B06-07","梅園","1","248662","2699765"
"MB-B06-07","梅園","2","248506","2699965"
"MB-B06-07","梅園","3","248389","2699762"
"MB-B06-07","梅園","4","248497","2699492"
"MB-B06-07","梅園","5","248928","2699371"
"MB-B06-07","梅園","6","248538","2699291"
"MB-B06-09","司馬限山","1","245864","2700233"
"MB-B06-10","二本松","1","249213","2699880"
"MB-B06-11","紅毛山（大坪）","1","248681","2713365"
"MB-B06-11","紅毛山（大坪）","2","249016","2713173"
"MB-B06-11","紅毛山（大坪）","3","249317","2712746"
"MB-B06-11","紅毛山（大坪）","4","248054","2712676"
"MB-B06-11","紅毛山（大坪）","5","248053","2712889"
"MB-B06-11","紅毛山（大坪）","6","248356","2713074"
"MB-B07-08","大溪事業區44林班","1","293455","2726803"
"MB-B07-08","大溪事業區44林班","2","293553","2726985"
"MB-B07-08","大溪事業區44林班","3","293349","2727033"
"MB-B07-09","大溪事業區94林班","4","288933","2714233"
"MB-B07-09","大溪事業區94林班","3","289192","2714072"
"MB-B07-09","大溪事業區94林班","2","289229","2713858"
"MB-B07-09","大溪事業區94林班","1","289130","2714285"
"MB-B07-11","大溪事業區95林班","6","288757","2713461"
"MB-B07-11","大溪事業區95林班","5","288905","2713321"
"MB-B07-11","大溪事業區95林班","4","289008","2713135"
"MB-B07-11","大溪事業區95林班","3","289358","2713084"
"MB-B07-11","大溪事業區95林班","2","289452","2713272"
"MB-B07-11","大溪事業區95林班","1","289653","2713344"
"MB-B07-12","棲蘭C","2","290229","2714213"
"MB-B07-12","棲蘭C","3","290212","2714418"
"MB-B07-12","棲蘭C","4","289934","2714210"
"MB-B07-12","棲蘭C","6","289787","2713827"
"MB-B07-12","棲蘭C","5","289870","2714016"
"MB-B08-01","羅山林道(下)","6","266601","2724471"
"MB-B08-01","羅山林道(下)","5","266565","2724284"
"MB-B08-01","羅山林道(下)","4","266483","2724063"
"MB-B08-01","羅山林道(下)","3","266594","2723619"
"MB-B08-01","羅山林道(下)","2","266785","2723541"
"MB-B08-01","羅山林道(下)","1","267020","2723587"
"MB-B08-02","俠客羅E","1","271221","2716692"
"MB-B08-02","俠客羅E","2","271124","2716900"
"MB-B08-02","俠客羅E","4","270762","2717058"
"MB-B08-02","俠客羅E","3","270975","2717081"
"MB-B08-02","俠客羅E","5","270608","2717201"
"MB-B08-02","俠客羅E","6","270476","2717364"
"MB-B08-05","田埔※","8","278374","2727289"
"MB-B08-05","田埔※","7","278088","2727447"
"MB-B08-05","田埔※","2","277963","2726600"
"MB-B08-05","田埔※","3","278185","2726265"
"MB-B08-05","田埔※","6","277846","2727651"
"MB-B08-05","田埔※","5","278859","2726993"
"MB-B08-05","田埔※","4","278654","2726568"
"MB-B08-06","泰崗※","1","280420","2720177"
"MB-B08-06","泰崗※","2","280636","2720418"
"MB-B08-06","泰崗※","3","280730","2720596"
"MB-B08-06","泰崗※","4","280962","2720666"
"MB-B08-06","泰崗※","5","280885","2720855"
"MB-B08-06","泰崗※","6","280654","2720893"
"MB-B08-06","泰崗※","7","280476","2721040"
"MB-B08-06","泰崗※","8","280232","2721190"
"MB-B08-06","泰崗※","9","280276","2721535"
"MB-B08-07","鎮西堡B※","1","279564","2716239"
"MB-B08-07","鎮西堡B※","2","279527","2716036"
"MB-B08-07","鎮西堡B※","4","279510","2715641"
"MB-B08-07","鎮西堡B※","6","279432","2715265"
"MB-B08-07","鎮西堡B※","7","279528","2715032"
"MB-B08-07","鎮西堡B※","8","279686","2714875"
"MB-B08-07","鎮西堡B※","9","279862","2714704"
"MB-B08-08","俠客羅C","6","271682","2716352"
"MB-B08-08","俠客羅C","5","271863","2716515"
"MB-B08-08","俠客羅C","4","272067","2716451"
"MB-B08-08","俠客羅C","3","272275","2716361"
"MB-B08-08","俠客羅C","2","272464","2716476"
"MB-B08-08","俠客羅C","1","272633","2716678"
"MB-B08-09","羅山林道(上)","1","266402","2725139"
"MB-B08-09","羅山林道(上)","2","266590","2725061"
"MB-B08-09","羅山林道(上)","3","266802","2725217"
"MB-B08-09","羅山林道(上)","4","267082","2725339"
"MB-B08-09","羅山林道(上)","5","267302","2725400"
"MB-B08-09","羅山林道(上)","6","267502","2725396"
"MB-B08-10","鳥嘴山","1","257773","2719083"
"MB-B08-10","鳥嘴山","2","257949","2718789"
"MB-B08-10","鳥嘴山","3","257765","2718564"
"MB-B08-10","鳥嘴山","4","257664","2718096"
"MB-B08-10","鳥嘴山","5","258053","2719351"
"MB-B08-10","鳥嘴山","6","258174","2719507"
"MB-B08-11","鵝公髻山","3","258539","2723404"
"MB-B08-11","鵝公髻山","1","258653","2723752"
"MB-B08-11","鵝公髻山","2","258642","2723562"
"MB-B08-11","鵝公髻山","4","258347","2723348"
"MB-B08-11","鵝公髻山","5","258269","2723161"
"MB-B08-12","俠客羅A","1","268675","2717622"
"MB-B08-12","俠客羅A","2","268890","2717692"
"MB-B08-12","俠客羅A","3","269103","2717690"
"MB-B08-12","俠客羅A","4","269550","2717650"
"MB-B08-12","俠客羅A","6","269811","2717852"
"MB-B08-13","俠客羅B","1","270095","2718103"
"MB-B08-13","俠客羅B","2","270295","2718037"
"MB-B08-13","俠客羅B","3","270432","2717858"
"MB-B08-13","俠客羅B","4","270640","2717814"
"MB-B08-13","俠客羅B","5","270850","2717708"
"MB-B08-13","俠客羅B","6","270721","2717538"
"MB-B08-14","大鹿林道東線","6","269324","2710439"
"MB-B08-14","大鹿林道東線","5","269217","2710166"
"MB-B08-14","大鹿林道東線","4","269011","2709966"
"MB-B08-14","大鹿林道東線","1","268798","2709912"
"MB-B08-14","大鹿林道東線","2","268547","2709895"
"MB-B08-14","大鹿林道東線","3","268425","2709709"
"MB-B08-15","大霸C","1","270069","2707662"
"MB-B08-15","大霸C","2","270136","2707486"
"MB-B08-15","大霸C","3","270242","2707314"
"MB-B08-15","大霸C","4","270262","2707100"
"MB-B08-15","大霸C","5","270389","2706876"
"MB-B08-15","大霸C","6","270614","2706962"
"MB-C10-01","台8線72k","1","271708","2683203"
"MB-C10-01","台8線72k","2","271533","2683099"
"MB-C10-01","台8線72k","3","271591","2682869"
"MB-C10-01","台8線72k","4","271652","2682682"
"MB-C10-01","台8線72k","5","271334","2682839"
"MB-C10-01","台8線72k","6","271125","2682688"
"MB-C10-02","勝利路13k","1","271802","2680126"
"MB-C10-02","勝利路13k","2","271968","2680317"
"MB-C10-02","勝利路13k","3","271899","2680542"
"MB-C10-02","勝利路13k","4","271538","2679976"
"MB-C10-02","勝利路13k","5","271324","2679920"
"MB-C10-02","勝利路13k","6","271084","2679843"
"MB-C10-04","台8線92k","1","276993","2678550"
"MB-C10-04","台8線92k","2","277211","2679073"
"MB-C10-04","台8線92k","3","277197","2679454"
"MB-C10-04","台8線92k","4","276905","2680042"
"MB-C10-04","台8線92k","5","276776","2680441"
"MB-C10-04","台8線92k","6","276825","2680906"
"MB-C10-05","台8線100k","4","280017","2679882"
"MB-C10-05","台8線100k","6","280611","2680711"
"MB-C10-05","台8線100k","1","277759","2680580"
"MB-C10-05","台8線100k","2","278414","2680105"
"MB-C10-05","台8線100k","3","279479","2680173"
"MB-C10-05","台8線100k","5","280242","2680166"
"MB-C10-06","台8線107k","1","280080","2677153"
"MB-C10-06","台8線107k","2","280919","2677028"
"MB-C10-06","台8線107k","3","280824","2676739"
"MB-C10-06","台8線107k","4","281159","2676301"
"MB-C10-06","台8線107k","5","281122","2675993"
"MB-C10-06","台8線107k","6","281142","2675655"
"MB-C10-07","86k","1","276235","2682956"
"MB-C10-07","86k","2","276015","2682797"
"MB-C10-07","86k","3","275903","2682609"
"MB-C10-07","86k","4","275759","2682367"
"MB-C10-08","華崗","1","273577","2677643"
"MB-C10-08","華崗","2","273607","2677390"
"MB-C10-08","華崗","3","273603","2677220"
"MB-C10-08","華崗","4","273552","2677009"
"MB-C10-08","華崗","5","273410","2676890"
"MB-C10-08","華崗","6","273236","2676797"
"MB-C10-09","甲區38林班","1","282373","2693648"
"MB-C10-09","甲區38林班","2","282184","2693550"
"MB-C10-09","甲區38林班","3","281988","2693520"
"MB-C10-09","甲區38林班","4","282068","2693337"
"MB-C10-09","甲區38林班","5","281944","2693176"
"MB-C10-09","甲區38林班","6","281758","2693109"
"MB-C10-09","甲區38林班","7","281558","2693080"
"MB-C10-10","甲區41林班","4","284570","2697041"
"MB-C10-10","甲區41林班","5","285172","2697465"
"MB-C10-10","甲區41林班","6","285254","2697834"
"MB-C10-10","甲區41林班","7","285221","2698045"
"MB-C10-10","甲區41林班","1","286207","2699022"
"MB-C10-11","甲區43林班","5","283029","2693735"
"MB-C10-11","甲區43林班","4","282950","2694051"
"MB-C10-11","甲區43林班","3","282968","2694274"
"MB-C10-11","甲區43林班","2","283052","2694526"
"MB-C10-11","甲區43林班","1","283081","2694765"
"MB-C10-11","甲區43林班","7","283295","2694830"
"MB-C10-12","甲區64林班","1","279816","2687653"
"MB-C10-12","甲區64林班","2","279921","2687477"
"MB-C10-12","甲區64林班","3","280102","2687441"
"MB-C10-12","甲區64林班","4","280068","2687738"
"MB-C10-12","甲區64林班","5","280236","2687871"
"MB-C10-12","甲區64林班","6","280421","2687876"
"MB-C10-13","甲區65林班","1","278871","2688428"
"MB-C10-13","甲區65林班","2","279064","2688430"
"MB-C10-13","甲區65林班","3","279042","2688206"
"MB-C10-13","甲區65林班","4","279453","2688545"
"MB-C10-13","甲區65林班","5","279363","2688368"
"MB-C10-13","甲區65林班","6","279439","2688167"
"MB-C10-14","吹上山","7","269656","2682717"
"MB-C10-14","吹上山","1","269668","2682474"
"MB-C10-14","吹上山","2","269669","2682208"
"MB-C10-14","吹上山","3","269891","2682066"
"MB-C10-14","吹上山","4","269507","2682872"
"MB-C10-14","吹上山","5","269393","2683158"
"MB-C10-14","吹上山","6","269572","2683246"
"MB-C11-01","菜園林道","1","246331","2680085"
"MB-C11-01","菜園林道","3","246396","2679801"
"MB-C11-01","菜園林道","2","246157","2679685"
"MB-C11-01","菜園林道","4","246628","2680177"
"MB-C11-01","菜園林道","6","247012","2679824"
"MB-C11-02","220林道","1","249461","2683934"
"MB-C11-02","220林道","2","248972","2683774"
"MB-C11-02","220林道","3","248904","2683403"
"MB-C11-02","220林道","4","248659","2683146"
"MB-C11-02","220林道","5","248344","2682782"
"MB-C11-02","220林道","6","248336","2682464"
"MB-C11-04","橫嶺山","1","244730","2681251"
"MB-C11-04","橫嶺山","2","244540","2681129"
"MB-C11-04","橫嶺山","3","244410","2680978"
"MB-C11-04","橫嶺山","4","244369","2680769"
"MB-C11-04","橫嶺山","5","244178","2680876"
"MB-C11-04","橫嶺山","6","243944","2680733"
"MB-C11-04","橫嶺山","7","243707","2680817"
"MB-C11-05","鳶嘴山","1","246175","2681125"
"MB-C11-05","鳶嘴山","2","246027","2680925"
"MB-C11-05","鳶嘴山","3","245804","2680924"
"MB-C11-05","鳶嘴山","4","245653","2681110"
"MB-C11-05","鳶嘴山","5","245487","2681260"
"MB-C11-05","鳶嘴山","6","245570","2681470"
"MB-C11-05","鳶嘴山","7","245708","2681622"
"MB-C11-07","船形山苗圃","1","249969","2684593"
"MB-C11-07","船形山苗圃","2","250147","2684374"
"MB-C11-07","船形山苗圃","3","250499","2684336"
"MB-C11-07","船形山苗圃","4","250630","2684066"
"MB-C11-07","船形山苗圃","5","250905","2683884"
"MB-C11-07","船形山苗圃","6","250891","2683511"
"MB-C11-08","大雪山230林道A","1","252508","2689015"
"MB-C11-08","大雪山230林道A","2","252638","2689203"
"MB-C11-08","大雪山230林道A","3","252824","2689382"
"MB-C11-08","大雪山230林道A","4","253078","2689366"
"MB-C11-08","大雪山230林道A","5","253300","2689534"
"MB-C11-08","大雪山230林道A","6","253377","2689290"
"MB-C11-09","230林道7k","1","253961","2688928"
"MB-C11-09","230林道7k","2","254161","2688852"
"MB-C11-09","230林道7k","3","254306","2688700"
"MB-C11-09","230林道7k","4","254516","2688533"
"MB-C11-09","230林道7k","5","254633","2688703"
"MB-C11-09","230林道7k","6","254810","2688885"
"MB-C11-10","出雲山苗圃※","15","239959","2680943"
"MB-C11-10","出雲山苗圃※","13","239990","2680509"
"MB-C11-10","出雲山苗圃※","17","240119","2679918"
"MB-C11-10","出雲山苗圃※","18","240144","2679605"
"MB-C11-10","出雲山苗圃※","12","239819","2680703"
"MB-C11-10","出雲山苗圃※","10","239252","2680378"
"MB-C11-10","出雲山苗圃※","5","239429","2679912"
"MB-C11-10","出雲山苗圃※","16","239639","2680406"
"MB-C11-11","大雪山210林道B※","1","247441","2682216"
"MB-C11-11","大雪山210林道B※","2","247495","2682353"
"MB-C11-11","大雪山210林道B※","3","247694","2682435"
"MB-C11-11","大雪山210林道B※","4","247849","2682592"
"MB-C11-11","大雪山210林道B※","6","248000","2683317"
"MB-C11-11","大雪山210林道B※","7","248075","2683794"
"MB-C11-11","大雪山210林道B※","9","248404","2684178"
"MB-C11-11","大雪山210林道B※","10","248415","2684447"
"MB-C11-11","大雪山210林道B※","8","248304","2683922"
"MB-C11-11","大雪山210林道B※","5","247900","2683023"
"MB-C12-02","540林道停車場","1","248464","2691774"
"MB-C12-02","540林道停車場","2","248358","2691946"
"MB-C12-02","540林道停車場","3","248163","2692034"
"MB-C12-02","540林道停車場","4","248117","2691830"
"MB-C12-02","540林道停車場","5","248275","2691706"
"MB-C12-02","540林道停車場","6","248398","2691533"
"MB-C12-03","540林道鐵門","1","247875","2689733"
"MB-C12-03","540林道鐵門","2","248062","2689600"
"MB-C12-03","540林道鐵門","3","248236","2689468"
"MB-C12-03","540林道鐵門","4","248268","2689682"
"MB-C12-03","540林道鐵門","5","248456","2689778"
"MB-C12-03","540林道鐵門","6","248629","2689930"
"MB-C12-08","安區117林班","1","245935","2688724"
"MB-C12-08","安區117林班","2","246129","2688670"
"MB-C12-08","安區117林班","3","246330","2688574"
"MB-C12-08","安區117林班","4","246493","2688442"
"MB-C12-08","安區117林班","5","246732","2688451"
"MB-C12-08","安區117林班","6","246893","2688272"
"MB-C12-10","580林道-鐵門","1","248006","2694258"
"MB-C12-10","580林道-鐵門","2","248039","2694457"
"MB-C12-10","580林道-鐵門","3","248248","2694270"
"MB-C12-10","580林道-鐵門","4","248287","2694477"
"MB-C12-10","580林道-鐵門","5","248470","2694597"
"MB-C12-10","580林道-鐵門","6","248622","2694750"
"MB-C12-11","580林道","1","248400","2694909"
"MB-C12-11","580林道","3","248702","2695092"
"MB-C12-11","580林道","4","248831","2695287"
"MB-C12-11","580林道","5","249018","2695219"
"MB-C12-11","580林道","6","249188","2695100"
"MB-C13-01","勢麗仙區117","1","247020","2671167"
"MB-C13-01","勢麗仙區117","2","246904","2671003"
"MB-C13-01","勢麗仙區117","3","246778","2670832"
"MB-C13-01","勢麗仙區117","4","246793","2670632"
"MB-C13-01","勢麗仙區117","5","246980","2670514"
"MB-C13-01","勢麗仙區117","6","246664","2670476"
"MB-C13-02","勢麗仙區119","1","249408","2669647"
"MB-C13-02","勢麗仙區119","2","249564","2669517"
"MB-C13-02","勢麗仙區119","3","249688","2669351"
"MB-C13-02","勢麗仙區119","4","249643","2669150"
"MB-C13-02","勢麗仙區119","5","249500","2669006"
"MB-C13-02","勢麗仙區119","6","249686","2668877"
"MB-C13-03","勢麗仙區101","2","251983","2677164"
"MB-C13-03","勢麗仙區101","3","252174","2677040"
"MB-C13-03","勢麗仙區101","5","251683","2677414"
"MB-C13-03","勢麗仙區101","6","251912","2677536"
"MB-C13-10","勢麗仙區76","1","261183","2682140"
"MB-C13-10","勢麗仙區76","2","261079","2682496"
"MB-C13-10","勢麗仙區76","4","260436","2682807"
"MB-C13-10","勢麗仙區76","5","260240","2683019"
"MB-C13-10","勢麗仙區76","6","260182","2682816"
"MB-C13-11","勢麗仙區94","6","255765","2680208"
"MB-C13-11","勢麗仙區94","5","256714","2680370"
"MB-C13-11","勢麗仙區94","3","257666","2680308"
"MB-C13-11","勢麗仙區94","1","257990","2680701"
"MB-C13-11","勢麗仙區94","2","257888","2680131"
"MB-D14-02","二分所","10","255008","2629974"
"MB-D14-02","二分所","9","255043","2630171"
"MB-D14-02","二分所","8","254937","2630340"
"MB-D14-02","二分所","7","254786","2630471"
"MB-D14-02","二分所","6","254588","2630508"
"MB-D14-02","二分所","5","254450","2630655"
"MB-D14-02","二分所","4","254282","2630762"
"MB-D14-02","二分所","3","254112","2630870"
"MB-D14-02","二分所","2","253985","2630715"
"MB-D14-02","二分所","1","253790","2630763"
"MB-D14-03","三分所","1","256959","2628459"
"MB-D14-03","三分所","2","256760","2628431"
"MB-D14-03","三分所","3","256564","2628386"
"MB-D14-03","三分所","4","256516","2628198"
"MB-D14-03","三分所","5","256515","2627982"
"MB-D14-03","三分所","6","256337","2628040"
"MB-D14-03","三分所","7","256274","2628236"
"MB-D14-03","三分所","8","256236","2628415"
"MB-D14-03","三分所","9","256119","2628582"
"MB-D14-03","三分所","10","255968","2628707"
"MB-D14-04","五分所","1","262621","2628104"
"MB-D14-04","五分所","2","262791","2627973"
"MB-D14-04","五分所","3","263016","2628002"
"MB-D14-04","五分所","4","263141","2627830"
"MB-D14-04","五分所","5","263296","2627690"
"MB-D14-04","五分所","6","263486","2627586"
"MB-D14-05","巒大59林班","1","244221","2628743"
"MB-D14-05","巒大59林班","2","244273","2628548"
"MB-D14-05","巒大59林班","3","244116","2628426"
"MB-D14-05","巒大59林班","4","243916","2628420"
"MB-D14-05","巒大59林班","5","243798","2628246"
"MB-D14-05","巒大59林班","6","243603","2628215"
"MB-D14-05","巒大59林班","7","243402","2628210"
"MB-D14-05","巒大59林班","8","243370","2627993"
"MB-D14-05","巒大59林班","9","243236","2627870"
"MB-D14-05","巒大59林班","10","243284","2627679"
"MB-D14-06","巒大58林班","1","243294","2626909"
"MB-D14-06","巒大58林班","2","243444","2626778"
"MB-D14-06","巒大58林班","3","243567","2626620"
"MB-D14-06","巒大58林班","4","243706","2626476"
"MB-D14-06","巒大58林班","5","243836","2626324"
"MB-D14-06","巒大58林班","6","243918","2626141"
"MB-D14-06","巒大58林班","7","244053","2625994"
"MB-D14-06","巒大58林班","8","244225","2625891"
"MB-D14-06","巒大58林班","9","244302","2625706"
"MB-D14-06","巒大58林班","10","244392","2625528"
"MB-D14-08","巒大42林班","1","248451","2630351"
"MB-D14-08","巒大42林班","2","248265","2630260"
"MB-D14-08","巒大42林班","3","248274","2630051"
"MB-D14-08","巒大42林班","4","248152","2629898"
"MB-D14-08","巒大42林班","5","248081","2629712"
"MB-D14-08","巒大42林班","6","248215","2629540"
"MB-D14-08","巒大42林班","7","248376","2629292"
"MB-D14-10","下加年端社","10","258964","2627947"
"MB-D14-10","下加年端社","9","258945","2627746"
"MB-D14-10","下加年端社","8","258749","2627730"
"MB-D14-10","下加年端社","5","258347","2627286"
"MB-D14-10","下加年端社","4","258205","2627447"
"MB-D14-10","下加年端社","3","258057","2627572"
"MB-D14-10","下加年端社","2","257861","2627620"
"MB-D14-10","下加年端社","1","257696","2627729"
"MB-D15-01","明湖水庫（高山巷）※","4","235214","2639345"
"MB-D15-01","明湖水庫（高山巷）※","5","235125","2639584"
"MB-D15-01","明湖水庫（高山巷）※","6","234851","2639807"
"MB-D15-01","明湖水庫（高山巷）※","7","234766","2640156"
"MB-D15-03","巒大77林班","1","239996","2624368"
"MB-D15-03","巒大77林班","2","240127","2624055"
"MB-D15-03","巒大77林班","3","240166","2623760"
"MB-D15-03","巒大77林班","4","240255","2623554"
"MB-D15-03","巒大77林班","5","240114","2624231"
"MB-D15-03","巒大77林班","6","240666","2623290"
"MB-D15-04","台大實驗林內，近123、 124林班","1","239962","2615165"
"MB-D15-04","台大實驗林內，近123、 124林班","2","240105","2615013"
"MB-D15-04","台大實驗林內，近123、 124林班","3","240266","2614870"
"MB-D15-04","台大實驗林內，近123、 124林班","4","240473","2614926"
"MB-D15-04","台大實驗林內，近123、 124林班","5","240599","2615073"
"MB-D15-04","台大實驗林內，近123、 124林班","6","240803","2615130"
"MB-D15-06","巒大89林班","1","240617","2622948"
"MB-D15-06","巒大89林班","2","240662","2622731"
"MB-D15-06","巒大89林班","3","240772","2622576"
"MB-D15-06","巒大89林班","4","241068","2622473"
"MB-D15-06","巒大89林班","5","241187","2622230"
"MB-D15-06","巒大89林班","6","241434","2622263"
"MB-D15-07","巒大74林班","1","241156","2623042"
"MB-D15-07","巒大74林班","2","241356","2622936"
"MB-D15-07","巒大74林班","3","241649","2622912"
"MB-D15-07","巒大74林班","4","241856","2622685"
"MB-D15-07","巒大74林班","5","242298","2622806"
"MB-D15-08","巒大88林班","1","239828","2623856"
"MB-D15-08","巒大88林班","2","239960","2623706"
"MB-D15-08","巒大88林班","3","240076","2623543"
"MB-D15-08","巒大88林班","4","240189","2623378"
"MB-D15-08","巒大88林班","5","240348","2623257"
"MB-D15-08","巒大88林班","6","240532","2623178"
"MB-D15-09","郡坑村（巒大林區守衛室）","1","238082","2628030"
"MB-D15-09","郡坑村（巒大林區守衛室）","2","238108","2628241"
"MB-D15-09","郡坑村（巒大林區守衛室）","3","238150","2628449"
"MB-D15-09","郡坑村（巒大林區守衛室）","4","238319","2628524"
"MB-D15-09","郡坑村（巒大林區守衛室）","5","238353","2628741"
"MB-D15-09","郡坑村（巒大林區守衛室）","6","238458","2628921"
"MB-D16-08","長興林道7K","1","242421","2667286"
"MB-D16-08","長興林道7K","2","242791","2667451"
"MB-D16-10","銀龍瀑布群","1","240653","2670892"
"MB-D16-10","銀龍瀑布群","3","240669","2671314"
"MB-D16-10","銀龍瀑布群","4","240630","2671510"
"MB-D16-10","銀龍瀑布群","5","240444","2671546"
"MB-D16-10","銀龍瀑布群","6","240321","2671402"
"MB-D17-01","瑞岩溪水管路","1","270463","2667383"
"MB-D17-01","瑞岩溪水管路","2","270709","2667449"
"MB-D17-01","瑞岩溪水管路","3","270892","2667637"
"MB-D17-01","瑞岩溪水管路","6","271050","2667247"
"MB-D17-02","濁水溪區9林班","1","259999","2648501"
"MB-D17-02","濁水溪區9林班","2","260154","2648236"
"MB-D17-02","濁水溪區9林班","3","260064","2648008"
"MB-D17-02","濁水溪區9林班","4","259763","2647880"
"MB-D17-03","濁水溪區28林班","1","272487","2660340"
"MB-D17-03","濁水溪區28林班","2","272638","2660243"
"MB-D17-03","濁水溪區28林班","3","272764","2660126"
"MB-D17-03","濁水溪區28林班","4","272896","2659995"
"MB-D17-03","濁水溪區28林班","5","273057","2660449"
"MB-D17-03","濁水溪區28林班","6","272977","2660237"
"MB-D17-04","卓社林道2","1","251655","2645654"
"MB-D17-04","卓社林道2","2","251320","2645372"
"MB-D17-04","卓社林道2","3","251568","2644835"
"MB-D17-04","卓社林道2","4","251756","2644014"
"MB-D17-04","卓社林道2","5","251821","2643427"
"MB-D17-04","卓社林道2","6","250788","2643824"
"MB-D18-06","杉林溪(分站)","1","229364","2615454"
"MB-D18-06","杉林溪(分站)","2","229125","2615319"
"MB-D18-06","杉林溪(分站)","3","228877","2615200"
"MB-D18-06","杉林溪(分站)","4","228713","2615149"
"MB-D18-06","杉林溪(分站)","5","228396","2615056"
"MB-D18-06","杉林溪(分站)","6","228153","2614951"
"MB-E19-12","高雄縣南橫，天池※","1","241359","2574477"
"MB-E19-12","高雄縣南橫，天池※","3","241460","2574904"
"MB-E19-12","高雄縣南橫，天池※","5","241541","2575095"
"MB-E19-12","高雄縣南橫，天池※","6","241538","2575301"
"MB-E19-12","高雄縣南橫，天池※","7","241646","2575480"
"MB-E19-13","高雄縣南橫，檜谷※","7","241585","2573181"
"MB-E19-13","高雄縣南橫，檜谷※","1","241772","2573044"
"MB-E19-13","高雄縣南橫，檜谷※","2","241803","2572812"
"MB-E19-13","高雄縣南橫，檜谷※","3","241952","2572940"
"MB-E19-13","高雄縣南橫，檜谷※","5","241910","2573333"
"MB-E19-13","高雄縣南橫，檜谷※","6","242088","2573430"
"MB-E20-01","台18-1(82.5K)","1","228293","2599389"
"MB-E20-01","台18-1(82.5K)","3","228827","2599166"
"MB-E20-01","台18-1(82.5K)","5","229069","2599228"
"MB-E20-01","台18-1(82.5K)","6","228958","2599715"
"MB-E20-01","台18-1(82.5K)","2","228692","2599342"
"MB-E20-01","台18-1(82.5K)","4","228679","2598765"
"MB-E20-02","台18-2(大埔220林班)","1","228634","2599580"
"MB-E20-02","台18-2(大埔220林班)","2","228420","2599557"
"MB-E20-02","台18-2(大埔220林班)","3","228155","2599596"
"MB-E20-02","台18-2(大埔220林班)","4","227852","2599649"
"MB-E20-02","台18-2(大埔220林班)","5","227858","2599871"
"MB-E20-02","台18-2(大埔220林班)","6","227945","2600160"
"MB-E20-03","台18-3(88K以後)","1","229141","2599879"
"MB-E20-03","台18-3(88K以後)","4","229315","2600238"
"MB-E20-03","台18-3(88K以後)","5","229279","2600029"
"MB-E20-03","台18-3(88K以後)","2","229353","2600444"
"MB-E20-03","台18-3(88K以後)","3","229614","2600541"
"MB-E20-03","台18-3(88K以後)","6","229500","2599933"
"MB-E20-04","台18-4(98K)","1","235350","2597376"
"MB-E20-04","台18-4(98K)","2","235473","2597073"
"MB-E20-04","台18-4(98K)","3","235660","2596905"
"MB-E20-04","台18-4(98K)","4","235880","2596949"
"MB-E20-04","台18-4(98K)","5","236114","2597010"
"MB-E20-04","台18-4(98K)","6","236370","2597235"
"MB-E20-06","特富野步道","1","232617","2597905"
"MB-E20-06","特富野步道","2","232403","2597782"
"MB-E20-06","特富野步道","3","232188","2597722"
"MB-E20-06","特富野步道","4","232065","2597507"
"MB-E20-06","特富野步道","5","232205","2597276"
"MB-E20-06","特富野步道","6","231780","2597231"
"MB-E20-07","祝山林道","1","231038","2600845"
"MB-E20-07","祝山林道","2","231208","2600985"
"MB-E20-07","祝山林道","3","231387","2601098"
"MB-E20-07","祝山林道","4","231526","2601238"
"MB-E20-07","祝山林道","5","231760","2601206"
"MB-E20-07","祝山林道","6","232021","2600639"
"MB-E20-08","水漾步道","1","229828","2610179"
"MB-E20-08","水漾步道","2","229883","2609977"
"MB-E20-08","水漾步道","3","229904","2609741"
"MB-E20-08","水漾步道","4","229765","2609565"
"MB-E20-08","水漾步道","5","229605","2609406"
"MB-E20-09","塔山步道","1","231113","2602742"
"MB-E20-09","塔山步道","2","230927","2602843"
"MB-E20-09","塔山步道","3","230740","2602959"
"MB-E20-09","塔山步道","4","230611","2603125"
"MB-E20-09","塔山步道","5","230421","2603237"
"MB-E20-09","塔山步道","6","230193","2603279"
"MB-E20-10","一葉蘭自然保留區","1","229262","2603712"
"MB-E20-10","一葉蘭自然保留區","2","229413","2603931"
"MB-E20-10","一葉蘭自然保留區","3","229548","2604147"
"MB-E20-10","一葉蘭自然保留區","4","229765","2604377"
"MB-E20-10","一葉蘭自然保留區","5","230001","2604560"
"MB-E20-10","一葉蘭自然保留區","6","230235","2604777"
"MB-E20-11","阿里山事業區54林班","6","229451","2610578"
"MB-E20-11","阿里山事業區54林班","5","229613","2610429"
"MB-E20-11","阿里山事業區54林班","4","229351","2610413"
"MB-E20-11","阿里山事業區54林班","3","229128","2610395"
"MB-E20-11","阿里山事業區54林班","2","228914","2610465"
"MB-E20-11","阿里山事業區54林班","1","228724","2610373"
"MB-E20-12","二萬坪步道","3","228795","2600823"
"MB-E20-12","二萬坪步道","4","229026","2600975"
"MB-E20-12","二萬坪步道","5","229196","2601125"
"MB-E20-12","二萬坪步道","6","229274","2601385"
"MB-E20-13","小笠原山(下方平台旁)","2","231570","2600230"
"MB-E20-13","小笠原山(下方平台旁)","6","231663","2599194"
"MB-E20-13","小笠原山(下方平台旁)","1","231396","2600454"
"MB-E20-13","小笠原山(下方平台旁)","3","231799","2600017"
"MB-E21-01","芙蓉山","3","223582","2597761"
"MB-E21-01","芙蓉山","2","223713","2597577"
"MB-E21-01","芙蓉山","1","223896","2597446"
"MB-E21-01","芙蓉山","4","224112","2597482"
"MB-E21-01","芙蓉山","5","224140","2597706"
"MB-E21-01","芙蓉山","6","224091","2597917"
"MB-E21-03","科子林","1","221887","2601199"
"MB-E21-03","科子林","3","221894","2600960"
"MB-E21-03","科子林","4","221743","2600792"
"MB-E21-03","科子林","5","221923","2601452"
"MB-E21-03","科子林","6","222203","2601442"
"MB-E21-03","科子林","2","222080","2601082"
"MB-E21-05","嘉南雲峰","3","221515","2611665"
"MB-E21-05","嘉南雲峰","2","221355","2611794"
"MB-E21-05","嘉南雲峰","1","221171","2611685"
"MB-E21-05","嘉南雲峰","4","221022","2611814"
"MB-E21-05","嘉南雲峰","5","221193","2611936"
"MB-E21-05","嘉南雲峰","6","221339","2612085"
"MB-E21-06","特富野","5","228931","2596434"
"MB-E21-06","特富野","1","228727","2596360"
"MB-E21-06","特富野","2","228489","2596377"
"MB-E21-06","特富野","3","228420","2596170"
"MB-E21-06","特富野","6","228984","2596647"
"MB-E21-07","大埔事業區164林班","3","221655","2592798"
"MB-E21-07","大埔事業區164林班","2","221510","2592610"
"MB-E21-07","大埔事業區164林班","1","221338","2592467"
"MB-E21-07","大埔事業區164林班","5","220932","2592229"
"MB-E21-07","大埔事業區164林班","6","220932","2591998"
"MB-E21-07","大埔事業區164林班","4","221655","2592303"
"MB-E21-08","里佳","1","218920","2587558"
"MB-E21-08","里佳","2","218833","2587358"
"MB-E21-08","里佳","3","219106","2587673"
"MB-E21-08","里佳","4","219149","2587889"
"MB-E21-08","里佳","5","219193","2588111"
"MB-E21-12","森鐵41號隧道","5","225038","2598794"
"MB-E21-12","森鐵41號隧道","3","225252","2598785"
"MB-E21-12","森鐵41號隧道","4","225344","2598590"
"MB-E21-12","森鐵41號隧道","6","225415","2598394"
"MB-E21-12","森鐵41號隧道","2","225344","2598984"
"MB-E21-12","森鐵41號隧道","1","225569","2599012"
"MB-E21-13","靈岩十八洞","1","219654","2599458"
"MB-E21-13","靈岩十八洞","2","219557","2599264"
"MB-E21-13","靈岩十八洞","3","219385","2599136"
"MB-E21-13","靈岩十八洞","4","219348","2598920"
"MB-E21-13","靈岩十八洞","5","219291","2598703"
"MB-E21-13","靈岩十八洞","6","219197","2598506"
"MB-E22-01","龍美","2","213762","2588961"
"MB-E22-01","龍美","1","214019","2588973"
"MB-E22-01","龍美","3","213418","2589206"
"MB-E22-01","龍美","4","213473","2588947"
"MB-E22-01","龍美","5","213516","2588726"
"MB-E22-01","龍美","6","213652","2588496"
"MB-F23-08","藤枝遊樂區","1","225098","2551998"
"MB-F23-08","藤枝遊樂區","2","225115","2552245"
"MB-F23-08","藤枝遊樂區","3","225323","2552134"
"MB-F23-08","藤枝遊樂區","4","225367","2552320"
"MB-F23-08","藤枝遊樂區","5","225308","2552556"
"MB-F23-08","藤枝遊樂區","6","225551","2552648"
"MB-F24-01","瑪雅","5","220392","2571984"
"MB-F24-01","瑪雅","6","221013","2571936"
"MB-F24-01","瑪雅","1","220113","2571676"
"MB-F24-01","瑪雅","2","220338","2571721"
"MB-F24-01","瑪雅","3","220562","2571657"
"MB-F24-01","瑪雅","4","220514","2571455"
"MB-F25-05","霧台阿禮B","1","225308","2514462"
"MB-F25-05","霧台阿禮B","2","225376","2514058"
"MB-F25-05","霧台阿禮B","3","225488","2513511"
"MB-F25-05","霧台阿禮B","4","225530","2513136"
"MB-F25-05","霧台阿禮B","5","225785","2512940"
"MB-F25-05","霧台阿禮B","6","225833","2512751"
"MB-G27-07","中平林道14K","8","277248","2590623"
"MB-G27-07","中平林道14K","7","277041","2590464"
"MB-G27-07","中平林道14K","6","276805","2590451"
"MB-G27-07","中平林道14K","5","276569","2590348"
"MB-G27-07","中平林道14K","4","276595","2590644"
"MB-G27-07","中平林道14K","3","276382","2590671"
"MB-G27-07","中平林道14K","2","276155","2590691"
"MB-G28-13","磐石（瀧溪山）","1","289791","2657618"
"MB-G28-13","磐石（瀧溪山）","2","289612","2657702"
"MB-G28-13","磐石（瀧溪山）","3","289493","2657929"
"MB-G28-13","磐石（瀧溪山）","4","289318","2658103"
"MB-G28-13","磐石（瀧溪山）","5","289134","2658445"
"MB-G28-13","磐石（瀧溪山）","7","288886","2658874"
"MB-G29-01","大禹嶺","1","283109","2675631"
"MB-G29-01","大禹嶺","2","283187","2675314"
"MB-G29-01","大禹嶺","3","282820","2675147"
"MB-G29-01","大禹嶺","5","281935","2674997"
"MB-G29-01","大禹嶺","6","281466","2675077"
"MB-G29-08","卡拉寶山※","1","289179","2675386"
"MB-G29-08","卡拉寶山※","2","289587","2675261"
"MB-G29-08","卡拉寶山※","3","289884","2675386"
"MB-G29-08","卡拉寶山※","4","289993","2675195"
"MB-G29-08","卡拉寶山※","5","290696","2675197"
"MB-G29-08","卡拉寶山※","6","290928","2675089"
"MB-G29-08","卡拉寶山※","7","290299","2675088"
"MB-G29-08","卡拉寶山※","8","289584","2674829"
"MB-G29-08","卡拉寶山※","9","289025","2674479"
"MB-G29-08","卡拉寶山※","10","288609","2674175"
"MB-G29-09","花蓮縣關原※","1","286766","2674971"
"MB-G29-09","花蓮縣關原※","2","284954","2675887"
"MB-G29-09","花蓮縣關原※","3","284774","2675601"
"MB-G29-09","花蓮縣關原※","4","284402","2675787"
"MB-G29-09","花蓮縣關原※","7","284098","2675712"
"MB-G29-09","花蓮縣關原※","8","285145","2676070"
"MB-G30-01","西林林道18k+800","6","290268","2635194"
"MB-G30-01","西林林道18k+800","5","290481","2634641"
"MB-G30-01","西林林道18k+800","4","290298","2634812"
"MB-G30-01","西林林道18k+800","3","290142","2634951"
"MB-G30-01","西林林道18k+800","1","289735","2635170"
"MB-G30-01","西林林道18k+800","2","289933","2635008"
"MB-G30-05","光復林道19k","2","286197","2618821"
"MB-G30-05","光復林道19k","3","286399","2619249"
"MB-G30-05","光復林道19k","4","286568","2619137"
"MB-G30-05","光復林道19k","6","286721","2618927"
"MB-G30-05","光復林道19k","1","285955","2618653"
"MB-G30-14","西林村","6","291626","2635358"
"MB-G30-14","西林村","5","291446","2635096"
"MB-G30-14","西林村","4","291152","2634838"
"MB-G30-14","西林村","3","291371","2634817"
"MB-G30-14","西林村","2","291086","2634563"
"MB-G30-14","西林村","1","290835","2634411"
"MB-H31-07","大武37,39林班浸水營步道高海拔處","1","227129","2478062"
"MB-H31-07","大武37,39林班浸水營步道高海拔處","2","227232","2477867"
"MB-H31-07","大武37,39林班浸水營步道高海拔處","3","227295","2477650"
"MB-H31-07","大武37,39林班浸水營步道高海拔處","4","227520","2477650"
"MB-H31-07","大武37,39林班浸水營步道高海拔處","5","227705","2477537"
"MB-H31-07","大武37,39林班浸水營步道高海拔處","6","227855","2477372"
"MB-H31-12","金山段","6","246285","2505327"
"MB-H31-12","金山段","5","246087","2505445"
"MB-H31-12","金山段","4","245890","2505537"
"MB-H31-12","金山段","3","245694","2505704"
"MB-H31-12","金山段","2","245842","2505891"
"MB-H31-12","金山段","1","246007","2505747"
"MB-H32-05","台東7林班利嘉林道","6","253560","2522962"
"MB-H32-05","台東7林班利嘉林道","5","253311","2523115"
"MB-H32-05","台東7林班利嘉林道","1","253032","2523106"
"MB-H32-05","台東7林班利嘉林道","2","253137","2522914"
"MB-H32-05","台東7林班利嘉林道","3","253206","2522703"
"MB-H32-05","台東7林班利嘉林道","4","253336","2522851"
"MB-H32-07","台東縣大武山雙鬼湖利嘉林道※","2","250852","2526047"
"MB-H32-07","台東縣大武山雙鬼湖利嘉林道※","3","250676","2526082"
"MB-H32-07","台東縣大武山雙鬼湖利嘉林道※","4","250461","2526191"
"MB-H32-07","台東縣大武山雙鬼湖利嘉林道※","5","250222","2526277"
"MB-H32-07","台東縣大武山雙鬼湖利嘉林道※","6","249955","2526349"
"MB-H32-07","台東縣大武山雙鬼湖利嘉林道※","7","249550","2526543"
"MB-H33-02","錦屏林道","1","267297","2561001"
"MB-H33-02","錦屏林道","2","266859","2561210"
"MB-H33-02","錦屏林道","3","266547","2561558"
"MB-H33-02","錦屏林道","4","266365","2561772"
"MB-H33-02","錦屏林道","6","266838","2560892"
"MB-H33-02","錦屏林道","7","266571","2560848"
"MB-H33-02","錦屏林道","8","266328","2561053"
"MB-H33-02","錦屏林道","9","266005","2561022"
"MB-H33-04","霧鹿林道","1","253829","2560379"
"MB-H33-04","霧鹿林道","2","254996","2559821"
"MB-H33-04","霧鹿林道","3","254243","2560054"
"MB-H33-04","霧鹿林道","4","253781","2559997"
"MB-H33-04","霧鹿林道","5","253429","2560172"
"MB-H33-04","霧鹿林道","6","253225","2560543"
"MB-H33-04","霧鹿林道","7","253041","2560852"
"MB-H33-06","紅石林道","1","263826","2551587"
"MB-H33-06","紅石林道","2","263910","2551879"
"MB-H33-06","紅石林道","3","263650","2552110"
"MB-H33-06","紅石林道","4","263186","2552580"
"MB-H33-06","紅石林道","5","263222","2553061"
"MB-H33-06","紅石林道","6","263038","2552911"
"MB-H33-06","紅石林道","7","262779","2552649"
"MB-H33-06","紅石林道","8","262512","2552282"
"MB-H33-06","紅石林道","9","262392","2551934"
"MB-H33-16","南部橫貫公路 1687","1","253299","2567427"
"MB-H33-16","南部橫貫公路 1687","2","253040","2567430"
"MB-H33-16","南部橫貫公路 1687","3","252801","2567630"
"MB-H33-16","南部橫貫公路 1687","4","252406","2567696"
"MB-H33-16","南部橫貫公路 1687","5","252219","2567936"
"MB-H33-16","南部橫貫公路 1687","6","252018","2568232"
"MC-B08-16","大霸A","3","271560","2706805"
"MC-B08-16","大霸A","5","272108","2706731"
"MC-B08-16","大霸A","6","272313","2706616"
"MC-C11-12","小雪山雷達站","1","254794","2687527"
"MC-C11-12","小雪山雷達站","2","254655","2687698"
"MC-C11-12","小雪山雷達站","3","254445","2687713"
"MC-C11-12","小雪山雷達站","4","254247","2687633"
"MC-C11-12","小雪山雷達站","5","254034","2687685"
"MC-C11-12","小雪山雷達站","6","253829","2687739"
"MC-C11-13","大雪山230林道B※","1","252581","2686293"
"MC-C11-13","大雪山230林道B※","3","252491","2686502"
"MC-C11-13","大雪山230林道B※","4","252661","2686755"
"MC-C11-13","大雪山230林道B※","5","252645","2687028"
"MC-C11-13","大雪山230林道B※","6","252516","2687185"
"MC-C11-13","大雪山230林道B※","7","252376","2687345"
"MC-C11-13","大雪山230林道B※","8","252628","2687480"
"MC-C11-13","大雪山230林道B※","9","252965","2687718"
"MC-C11-13","大雪山230林道B※","10","253106","2687853"
"MC-E20-05","鹿林前山","1","238685","2597227"
"MC-E20-05","鹿林前山","2","238433","2597107"
"MC-E20-05","鹿林前山","3","238183","2596951"
"MC-E20-05","鹿林前山","4","238020","2596710"
"MC-E20-05","鹿林前山","5","237815","2596465"
"MC-E20-05","鹿林前山","6","237352","2596282"
"MA-A02-01","羅區47林班(拳頭姆步道)","4","312154","2727646"
"MA-A02-01","羅區47林班(拳頭姆步道)","5","312241","2727442"
"MA-A02-01","羅區47林班(拳頭姆步道)","6","312535","2727353"
"MA-A02-07","宜蘭縣猴猴坑","10","337634","2717068"
"MA-A02-07","宜蘭縣猴猴坑","3","337806","2715538"
"MA-A02-07","宜蘭縣猴猴坑","4","337891","2715743"
"MA-A02-07","宜蘭縣猴猴坑","5","337839","2715986"
"MA-A02-07","宜蘭縣猴猴坑","6","337811","2716213"
"MA-A02-07","宜蘭縣猴猴坑","7","337824","2716426"
"MA-A02-07","宜蘭縣猴猴坑","8","337696","2716619"
"MA-A02-07","宜蘭縣猴猴坑","9","337692","2716850"
"MA-A02-07","宜蘭縣猴猴坑","1","337921","2715093"
"MA-A03-01","金山磺溪頭","6","308576","2788745"
"MA-A03-02","北投沙帽山","1","305008","2782233"
"MA-A03-02","北投沙帽山","3","304459","2781988"
"MA-A03-02","北投沙帽山","4","304251","2781919"
"MA-A03-02","北投沙帽山","5","304018","2781757"
"MA-A03-02","北投沙帽山","6","304271","2782587"
"MA-A03-02","北投沙帽山","7","303192","2781927"
"MA-A03-02","北投沙帽山","8","304769","2782287"
"MA-A03-07","台灣油杉自然保留區","2","318631","2756151"
"MA-A03-07","台灣油杉自然保留區","3","318516","2755973"
"MA-A03-07","台灣油杉自然保留區","4","318795","2755849"
"MA-A03-07","台灣油杉自然保留區","5","318301","2755783"
"MA-A03-07","台灣油杉自然保留區","6","318341","2755438"
"MA-A03-07","台灣油杉自然保留區","7","318417","2755236"
"MA-A03-07","台灣油杉自然保留區","8","318293","2755062"
"MA-A03-07","台灣油杉自然保留區","9","318049","2754859"
"MA-A03-07","台灣油杉自然保留區","10","317942","2754484"
"MA-A04-01","宜30","6","319965","2744906"
"MA-A04-04","宜64","6","314256","2735145"
"MA-A05-01","和區2林班","6","322897","2689910"
"MA-A05-06","宜蘭縣烏石鼻","10","334575","2709514"
"MA-A05-06","宜蘭縣烏石鼻","3","335586","2709036"
"MA-A05-06","宜蘭縣烏石鼻","4","335480","2709269"
"MA-A05-06","宜蘭縣烏石鼻","5","335316","2709395"
"MA-A05-06","宜蘭縣烏石鼻","6","335226","2709167"
"MA-A05-06","宜蘭縣烏石鼻","7","334992","2709173"
"MA-A05-06","宜蘭縣烏石鼻","8","334784","2709394"
"MA-A05-06","宜蘭縣烏石鼻","9","334577","2709270"
"MA-A05-07","神祕湖B","6","325611","2699048"
"MB-A01-03","明池","6","297111","2726731"
"MB-A01-06","鴛鴦湖130號林道","1","293749","2721127"
"MB-A01-06","鴛鴦湖130號林道","2","293433","2721156"
"MB-A01-06","鴛鴦湖130號林道","3","293293","2721393"
"MB-A01-07","翠峰林道","5","310013","2711872"
"MB-A01-07","翠峰林道","6","310122","2711696"
"MB-A01-09","望洋山(翠峰山屋)","1","311498","2711766"
"MB-A01-09","望洋山(翠峰山屋)","2","311686","2711684"
"MB-A01-09","望洋山(翠峰山屋)","3","311845","2711542"
"MB-A01-09","望洋山(翠峰山屋)","4","312058","2711514"
"MB-A01-09","望洋山(翠峰山屋)","5","312016","2711278"
"MB-A01-09","望洋山(翠峰山屋)","6","312182","2711154"
"MA-B06-02","大湖第71林班","1","229542","2697666"
"MA-B06-02","大湖第71林班","2","229734","2697561"
"MA-B06-02","大湖第71林班","3","229939","2697487"
"MA-B06-02","大湖第71林班","4","230151","2697527"
"MA-B06-03","大安溪第4林班","7","223526","2695392"
"MA-B07-10","內奎輝","1","285453","2736919"
"MA-B07-10","內奎輝","10","284533","2736831"
"MA-B07-10","內奎輝","2","285189","2737166"
"MA-B07-10","內奎輝","3","284974","2737430"
"MA-B07-10","內奎輝","4","284921","2737121"
"MA-B07-10","內奎輝","6","284710","2737040"
"MA-B07-10","內奎輝","7","284501","2737127"
"MA-B07-10","內奎輝","8","284321","2737003"
"MA-B08-04","鴛鴦谷瀑布","10","279035","2738197"
"MA-B08-04","鴛鴦谷瀑布","2","276842","2737759"
"MA-B08-04","鴛鴦谷瀑布","3","277083","2737784"
"MA-B08-04","鴛鴦谷瀑布","4","277210","2737914"
"MA-B08-04","鴛鴦谷瀑布","6","277393","2738176"
"MA-B08-04","鴛鴦谷瀑布","7","277699","2738322"
"MA-B08-04","鴛鴦谷瀑布","8","277878","2738218"
"MA-B08-04","鴛鴦谷瀑布","9","278305","2738244"
"MA-B09-01","西坑","1","311529","2749018"
"MA-B09-01","西坑","2","311221","2748907"
"MA-B09-01","西坑","3","310928","2749028"
"MA-B09-01","西坑","4","310760","2748803"
"MA-B09-01","西坑","5","310434","2749121"
"MA-B09-01","西坑","6","310247","2748885"
"MA-B09-01","西坑","7","309928","2748853"
"MA-B09-03","哈盆越嶺古道","1","301960","2741069"
"MA-B09-03","哈盆越嶺古道","2","302107","2740975"
"MA-B09-03","哈盆越嶺古道","3","302256","2740863"
"MA-B09-03","哈盆越嶺古道","4","302413","2740741"
"MA-B09-03","哈盆越嶺古道","5","302578","2740628"
"MA-B09-03","哈盆越嶺古道","6","302786","2740658"
"MA-B09-03","哈盆越嶺古道","7","303011","2740695"
"MA-B09-04","1065區外保安林","1","302073","2753042"
"MA-B09-04","1065區外保安林","2","301943","2752890"
"MA-B09-04","1065區外保安林","3","301759","2752975"
"MA-B09-04","1065區外保安林","4","301625","2753126"
"MA-B09-04","1065區外保安林","5","301477","2752987"
"MA-B09-04","1065區外保安林","6","301518","2752786"
"MA-B09-05","22林班","4","303593","2752233"
"MA-B09-05","22林班","6","303141","2752143"
"MA-B09-05","22林班","7","303798","2752433"
"MA-B09-06","24林班(平廣段12地號)","2","299991","2752601"
"MA-B09-06","24林班(平廣段12地號)","3","300435","2752766"
"MA-B09-06","24林班(平廣段12地號)","4","300633","2752900"
"MA-B09-06","24林班(平廣段12地號)","5","300820","2753045"
"MA-B09-06","24林班(平廣段12地號)","6","300965","2753234"
"MA-B09-07","桶后造林中心(桶后吊橋)","1","315576","2747844"
"MA-B09-07","桶后造林中心(桶后吊橋)","2","315339","2747727"
"MA-B09-07","桶后造林中心(桶后吊橋)","3","315116","2747708"
"MA-B09-07","桶后造林中心(桶后吊橋)","4","315075","2747938"
"MA-B09-07","桶后造林中心(桶后吊橋)","5","314841","2747982"
"MA-B09-07","桶后造林中心(桶后吊橋)","6","314693","2748217"
"MA-B09-07","桶后造林中心(桶后吊橋)","7","314472","2748197"
"MA-B09-07","桶后造林中心(桶后吊橋)","8","314415","2748394"
"MA-B09-08","大寮(26.27林班)","1","298314","2755872"
"MA-B09-08","大寮(26.27林班)","3","298293","2756344"
"MA-B09-08","大寮(26.27林班)","4","298179","2756558"
"MA-B09-08","大寮(26.27林班)","6","296558","2756049"
"MA-B09-09","竹崙(28-30林班)","1","293691","2754927"
"MA-B09-09","竹崙(28-30林班)","3","293818","2755318"
"MA-B09-09","竹崙(28-30林班)","4","294118","2755413"
"MA-B09-09","竹崙(28-30林班)","5","294262","2755263"
"MA-B09-09","竹崙(28-30林班)","6","294200","2755064"
"MA-B09-09","竹崙(28-30林班)","2","293647","2755127"
"MA-B09-10","插角(31林班)","1","291331","2751517"
"MA-B09-10","插角(31林班)","3","291585","2751658"
"MA-B09-10","插角(31林班)","4","291800","2751843"
"MA-B09-11","有木(32林班)","1","296814","2749540"
"MA-B09-11","有木(32林班)","2","296990","2749654"
"MA-B09-11","有木(32林班)","4","297061","2750043"
"MA-B09-11","有木(32林班)","3","297165","2749819"
"MA-B09-13","東眼(38林班)","1","289775","2748912"
"MA-B09-13","東眼(38林班)","4","291687","2751012"
"MA-B09-14","五寮(40林班)","1","287104","2749754"
"MA-B09-14","五寮(40林班)","2","287417","2749501"
"MA-B09-14","五寮(40林班)","4","287708","2749965"
"MA-B09-15","福巴越嶺古道(檜山)","1","301240","2740572"
"MA-B09-15","福巴越嶺古道(檜山)","2","301213","2740362"
"MA-B09-15","福巴越嶺古道(檜山)","3","301178","2740121"
"MA-B09-15","福巴越嶺古道(檜山)","4","301227","2739900"
"MA-B09-15","福巴越嶺古道(檜山)","5","301268","2739692"
"MA-B09-15","福巴越嶺古道(檜山)","6","301063","2739621"
"MB-B06-09","司馬限山","2","247196","2700446"
"MB-B06-09","司馬限山","3","246143","2700052"
"MB-B06-09","司馬限山","4","246352","2700264"
"MB-B06-09","司馬限山","5","246701","2700182"
"MB-B06-09","司馬限山","6","247035","2700263"
"MB-B06-10","二本松","2","249532","2699908"
"MB-B06-10","二本松","3","250442","2699870"
"MB-B06-10","二本松","4","250187","2699923"
"MB-B06-10","二本松","5","249948","2699980"
"MB-B06-10","二本松","6","249741","2700107"
"MB-B06-11","紅毛山(大坪)","1","248681","2713365"
"MB-B06-11","紅毛山(大坪)","2","249016","2713173"
"MB-B06-11","紅毛山(大坪)","3","249317","2712746"
"MB-B06-11","紅毛山(大坪)","4","248054","2712676"
"MB-B06-11","紅毛山(大坪)","5","248053","2712889"
"MB-B06-11","紅毛山(大坪)","6","248356","2713074"
"MB-B07-08","大溪事業區44林班","4","293181","2727185"
"MB-B07-08","大溪事業區44林班","5","293038","2727031"
"MB-B07-08","大溪事業區44林班","6","292889","2727165"
"MB-B07-09","大溪事業區94林班","5","288724","2714239"
"MB-B07-09","大溪事業區94林班","6","288610","2714417"
"MB-B07-12","棲蘭C","1","290277","2714021"
"MB-B08-05","田埔","3","278185","2726265"
"MB-B08-05","田埔","5","278859","2726993"
"MB-B08-05","田埔","6","277846","2727651"
"MB-B08-05","田埔","7","278088","2727447"
"MB-B08-05","田埔","8","278374","2727289"
"MB-B08-05","田埔","4","278654","2726568"
"MB-B08-06","泰崗","1","280420","2720177"
"MB-B08-06","泰崗","2","280636","2720418"
"MB-B08-06","泰崗","3","280730","2720596"
"MB-B08-06","泰崗","4","280962","2720666"
"MB-B08-06","泰崗","5","280885","2720855"
"MB-B08-06","泰崗","6","280654","2720893"
"MB-B08-06","泰崗","7","280476","2721040"
"MB-B08-06","泰崗","8","280232","2721190"
"MB-B08-06","泰崗","9","280276","2721535"
"MB-B08-07","鎮西堡B","1","279564","2716239"
"MB-B08-07","鎮西堡B","11","280182","2714922"
"MB-B08-07","鎮西堡B","12","279933","2714966"
"MB-B08-07","鎮西堡B","2","279527","2716036"
"MB-B08-07","鎮西堡B","4","279510","2715641"
"MB-B08-07","鎮西堡B","6","279432","2715265"
"MB-B08-07","鎮西堡B","7","279528","2715032"
"MB-B08-07","鎮西堡B","8","279686","2714875"
"MB-B08-07","鎮西堡B","9","279862","2714704"
"MB-B08-11","鵝公髻山","6","258184","2722967"
"MB-C10-10","甲區41林班","8","285839","2698670"
"MB-C11-10","出雲山苗圃","10","239252","2680378"
"MB-C11-10","出雲山苗圃","12","239819","2680703"
"MB-C11-10","出雲山苗圃","13","239990","2680509"
"MB-C11-10","出雲山苗圃","15","239959","2680943"
"MB-C11-10","出雲山苗圃","16","239639","2680406"
"MB-C11-10","出雲山苗圃","17","240119","2679918"
"MB-C11-10","出雲山苗圃","18","240144","2679605"
"MB-C11-10","出雲山苗圃","5","239429","2679912"
"MB-C11-11","大雪山210林道B","1","247441","2682216"
"MB-C11-11","大雪山210林道B","10","248415","2684447"
"MB-C11-11","大雪山210林道B","2","247495","2682353"
"MB-C11-11","大雪山210林道B","3","247694","2682435"
"MB-C11-11","大雪山210林道B","4","247849","2682592"
"MB-C11-11","大雪山210林道B","5","247900","2683023"
"MB-C11-11","大雪山210林道B","6","248000","2683317"
"MB-C11-11","大雪山210林道B","7","248075","2683794"
"MB-C11-11","大雪山210林道B","8","248304","2683922"
"MB-C11-11","大雪山210林道B","9","248404","2684178"
"MC-C11-13","大雪山230林道B","1","252581","2686293"
"MC-C11-13","大雪山230林道B","10","253106","2687853"
"MC-C11-13","大雪山230林道B","3","252491","2686502"
"MC-C11-13","大雪山230林道B","4","252661","2686755"
"MC-C11-13","大雪山230林道B","5","252645","2687028"
"MC-C11-13","大雪山230林道B","6","252516","2687185"
"MC-C11-13","大雪山230林道B","7","252376","2687345"
"MC-C11-13","大雪山230林道B","8","252628","2687480"
"MC-C11-13","大雪山230林道B","9","252965","2687718"
"MA-D16-09","草屯雙冬","4","228196","2651707"
"MA-D16-09","草屯雙冬","5","228513","2652071"
"MA-D16-09","草屯雙冬","6","228438","2651881"
"MA-D17-05","武界水庫","1","256007","2645339"
"MA-D17-05","武界水庫","2","256572","2645710"
"MA-D17-05","武界水庫","3","256727","2645956"
"MA-D17-05","武界水庫","4","256955","2646328"
"MA-D17-05","武界水庫","5","257244","2646461"
"MA-D17-05","武界水庫","6","257463","2646491"
"MA-D17-06","武界林道(久久巢山)","1","256716","2641997"
"MA-D17-06","武界林道(久久巢山)","2","256531","2642038"
"MA-D17-06","武界林道(久久巢山)","3","256310","2642160"
"MA-D17-06","武界林道(久久巢山)","4","256134","2642247"
"MA-D17-06","武界林道(久久巢山)","5","255790","2642499"
"MA-D17-06","武界林道(久久巢山)","6","255628","2642684"
"MB-D14-04","五分所","10","264222","2627537"
"MB-D14-04","五分所","8","263880","2627507"
"MB-D14-04","五分所","9","264040","2627633"
"MB-D15-01","明湖水庫(高山巷)","4","235214","2639345"
"MB-D15-01","明湖水庫(高山巷)","5","235125","2639584"
"MB-D15-01","明湖水庫(高山巷)","6","234851","2639807"
"MB-D15-01","明湖水庫(高山巷)","7","234766","2640156"
"MB-D15-04","台大實驗林內，近123、124林班","1","239962","2615165"
"MB-D15-04","台大實驗林內，近123、124林班","2","240105","2615013"
"MB-D15-04","台大實驗林內，近123、124林班","3","240266","2614870"
"MB-D15-04","台大實驗林內，近123、124林班","4","240473","2614926"
"MB-D15-04","台大實驗林內，近123、124林班","5","240599","2615073"
"MB-D15-04","台大實驗林內，近123、124林班","6","240803","2615130"
"MB-D15-09","郡坑村(巒大林區守衛室)","1","238082","2628030"
"MB-D15-09","郡坑村(巒大林區守衛室)","2","238108","2628241"
"MB-D15-09","郡坑村(巒大林區守衛室)","3","238150","2628449"
"MB-D15-09","郡坑村(巒大林區守衛室)","4","238319","2628524"
"MB-D15-09","郡坑村(巒大林區守衛室)","5","238353","2628741"
"MB-D15-09","郡坑村(巒大林區守衛室)","6","238458","2628921"
"MB-D16-08","長興林道7K","4","243353","2668033"
"MB-D16-08","長興林道7K","6","243438","2668250"
"MB-D16-08","長興林道7K","5","243700","2668026"
"MB-D16-10","銀龍瀑布群","2","240706","2671083"
"MB-D17-01","瑞岩溪水管路","4","271103","2667788"
"MB-D17-02","濁水溪區9林班","6","259487","2646943"
"MB-D17-02","濁水溪區9林班","5","259530","2647638"
"MA-E19-02","平坑","5","211914","2565878"
"MA-E22-12","麻竹湖吊橋","6","213180","2574510"
"MB-E19-12","高雄縣南橫，天池","1","241359","2574477"
"MB-E19-12","高雄縣南橫，天池","3","241460","2574904"
"MB-E19-12","高雄縣南橫，天池","5","241541","2575095"
"MB-E19-12","高雄縣南橫，天池","6","241538","2575301"
"MB-E19-12","高雄縣南橫，天池","7","241646","2575480"
"MB-E19-13","高雄縣南橫，檜谷","1","241772","2573044"
"MB-E19-13","高雄縣南橫，檜谷","2","241803","2572812"
"MB-E19-13","高雄縣南橫，檜谷","3","241952","2572940"
"MB-E19-13","高雄縣南橫，檜谷","5","241910","2573333"
"MB-E19-13","高雄縣南橫，檜谷","6","242088","2573430"
"MB-E20-08","水漾步道","7","229804","2610383"
"MB-E20-11","阿里山事業區54林班","7","229214","2610599"
"MB-E20-11","阿里山事業區54林班","8","229102","2610805"
"MB-E20-12","二萬坪步道","7","229299","2601618"
"MB-E20-13","小笠原山(下方平台旁)","4","231607","2599715"
"MB-E20-13","小笠原山(下方平台旁)","5","231459","2599475"
"MB-E21-06","特富野","7","228647","2596088"
"MA-F24-02","31林班","6","210023","2552570"
"MA-F24-03","34林班","6","207393","2550083"
"MA-F24-06","旗尾","1","197806","2531465"
"MA-F24-06","旗尾","2","197879","2532187"
"MA-F24-06","旗尾","3","197986","2533189"
"MA-F24-06","旗尾","4","197990","2533409"
"MA-F24-06","旗尾","5","198252","2533446"
"MA-F24-06","旗尾","6","198410","2533583"
"MA-F24-07","3,4林班","5","206354","2553336"
"MA-F24-07","3,4林班","6","205804","2553172"
"MA-F24-10","月光山","6","202682","2536480"
"MA-F24-13","朱厝","2","209569","2532966"
"MA-F24-13","朱厝","3","208434","2532632"
"MA-F24-13","朱厝","4","208697","2532845"
"MA-F24-13","朱厝","5","208632","2533084"
"MA-F24-13","朱厝","6","208918","2532895"
"MA-F24-14","中壽山","1","175099","2505933"
"MA-F24-14","中壽山","2","174933","2505732"
"MA-F24-14","中壽山","3","174758","2505947"
"MA-F24-14","中壽山","4","174466","2506106"
"MA-F24-14","中壽山","5","174545","2505909"
"MA-F24-14","中壽山","6","174542","2505653"
"MA-F25-10","丹路","6","224232","2454780"
"MA-F25-10","丹路","7","224221","2454538"
"MA-F25-11","竹坑","5","220683","2451266"
"MA-F25-11","竹坑","6","220884","2451394"
"MA-F26-01","墾丁苗圃","1","230183","2428173"
"MA-F26-01","墾丁苗圃","3","230269","2428597"
"MA-F26-02","恆春事業區第9林班","4","224640","2449592"
"MA-F26-02","恆春事業區第9林班","5","224594","2449828"
"MA-F26-02","恆春事業區第9林班","6","224509","2450158"
"MA-F26-09","恆春事業區第35林班","1","233461","2426866"
"MA-F26-09","恆春事業區第35林班","5","233351","2427565"
"MA-F26-10","宣化段、五里亭段","6","226217","2440194"
"MA-G27-04","樂合","7","286945","2579762"
"MA-G27-05","阿眉溪","4","284423","2571558"
"MA-G27-08","長良","1","275292","2573355"
"MA-G27-08","長良","2","275202","2573111"
"MA-G27-08","長良","3","275006","2572931"
"MA-G27-08","長良","4","274863","2572728"
"MA-G27-08","長良","5","274756","2572449"
"MA-G27-08","長良","6","274641","2572222"
"MA-G27-08","長良","7","274359","2572105"
"MA-G27-08","長良","8","274091","2572002"
"MA-G28-03","南坑","3","304716","2629916"
"MA-G28-03","南坑","4","304474","2629968"
"MA-G28-03","南坑","5","304172","2630056"
"MA-G28-03","南坑","6","304073","2629910"
"MA-G28-06","月眉208卡箱","1","307295","2640471"
"MA-G28-06","月眉208卡箱","2","307472","2640408"
"MA-G28-06","月眉208卡箱","7","306633","2639786"
"MA-G28-07","米亞丸","6","299364","2644212"
"MA-G28-08","呂華礦場","3","292737","2637415"
"MA-G28-08","呂華礦場","4","292953","2637169"
"MA-G28-08","呂華礦場","5","293063","2636976"
"MA-G28-08","呂華礦場","6","293226","2636741"
"MA-G28-09","原荖腦山東方","7","296313","2637819"
"MA-G28-10","原荖腦山東南方","3","296573","2636843"
"MA-G28-10","原荖腦山東南方","4","296407","2637118"
"MA-G29-04","花蓮縣合流","1","302745","2674828"
"MA-G29-04","花蓮縣合流","2","302108","2674798"
"MA-G29-04","花蓮縣合流","4","302450","2674767"
"MA-G29-04","花蓮縣合流","5","301615","2674949"
"MA-G29-04","花蓮縣合流","7","302258","2674703"
"MA-G29-07","洛韶","2","298858","2676442"
"MA-G29-07","洛韶","3","298488","2676812"
"MA-G29-07","洛韶","4","298043","2677107"
"MA-G29-07","洛韶","5","297606","2677202"
"MA-G29-07","洛韶","6","296849","2677356"
"MA-G29-07","洛韶","7","296579","2677693"
"MA-G29-07","洛韶","8","295921","2677552"
"MA-G29-07","洛韶","9","295842","2677973"
"MA-G29-07","洛韶","1","299257","2676182"
"MA-G30-03","萬榮林道11k+500","1","287030","2624217"
"MA-G30-03","萬榮林道11k+500","2","287266","2624022"
"MA-G30-03","萬榮林道11k+500","3","287559","2623959"
"MA-G30-03","萬榮林道11k+500","4","287789","2623874"
"MA-G30-03","萬榮林道11k+500","5","287763","2623463"
"MA-G30-03","萬榮林道11k+500","6","287773","2623671"
"MA-G30-04","萬榮林道19k","4","285392","2627864"
"MA-G30-04","萬榮林道19k","5","285721","2627490"
"MA-G30-04","萬榮林道19k","6","286021","2627197"
"MA-G30-13","縣道193線50k草鼻","6","300650","2627314"
"MB-G27-07","中平林道14K","1","275927","2590699"
"MB-G28-13","磐石(瀧溪山)","1","289791","2657618"
"MB-G28-13","磐石(瀧溪山)","2","289612","2657702"
"MB-G28-13","磐石(瀧溪山)","3","289493","2657929"
"MB-G28-13","磐石(瀧溪山)","4","289318","2658103"
"MB-G28-13","磐石(瀧溪山)","5","289134","2658445"
"MB-G28-13","磐石(瀧溪山)","6","288987","2658668"
"MB-G28-13","磐石(瀧溪山)","7","288886","2658874"
"MB-G29-08","卡拉寶山","1","289179","2675386"
"MB-G29-08","卡拉寶山","10","288609","2674175"
"MB-G29-08","卡拉寶山","2","289587","2675261"
"MB-G29-08","卡拉寶山","3","289884","2675386"
"MB-G29-08","卡拉寶山","4","289993","2675195"
"MB-G29-08","卡拉寶山","5","290696","2675197"
"MB-G29-08","卡拉寶山","6","290928","2675089"
"MB-G29-08","卡拉寶山","7","290299","2675088"
"MB-G29-08","卡拉寶山","8","289584","2674829"
"MB-G29-08","卡拉寶山","9","289025","2674479"
"MB-G29-09","花蓮縣關原","1","286766","2674971"
"MB-G29-09","花蓮縣關原","2","284954","2675887"
"MB-G29-09","花蓮縣關原","3","284774","2675601"
"MB-G29-09","花蓮縣關原","4","284402","2675787"
"MB-G29-09","花蓮縣關原","7","284098","2675712"
"MB-G29-09","花蓮縣關原","8","285145","2676070"
"MB-G30-05","光復林道19k","7","286540","2619505"
"MA-H31-05","大武30林班","1","235928","2480925"
"MA-H31-06","大武36林班","1","233538","2478609"
"MA-H31-15","大武48林班","1","233671","2461757"
"MA-H31-15","大武48林班","2","233615","2461466"
"MA-H31-15","大武48林班","3","233440","2461341"
"MA-H31-15","大武48林班","4","233253","2461210"
"MA-H31-15","大武48林班","5","233338","2460950"
"MA-H31-15","大武48林班","6","233087","2460876"
"MA-H32-01","台東3林班","2","262388","2530714"
"MA-H32-01","台東3林班","4","262755","2530976"
"MA-H32-04","台東2林班","5","262476","2528516"
"MA-H33-10","鹿野高臺","3","263429","2535088"
"MA-H33-10","鹿野高臺","5","262962","2535689"
"MA-H33-10","鹿野高臺","6","262832","2535228"
"MA-H33-15","台東縣內本鹿古道","2","253708","2530359"
"MA-H33-15","台東縣內本鹿古道","3","253568","2530206"
"MA-H33-15","台東縣內本鹿古道","4","253309","2530140"
"MA-H33-15","台東縣內本鹿古道","5","253115","2530061"
"MA-H33-15","台東縣內本鹿古道","6","252887","2530120"
"MA-H33-15","台東縣內本鹿古道","7","254001","2530027"
"MA-H34-08","成功事業區47林班","5","288724","2569212"
"MA-H34-10","成功事業區52林班","2","293075","2580570"
"MA-H34-10","成功事業區52林班","3","293341","2580622"
"MA-H34-10","成功事業區52林班","4","293562","2580559"
"MA-H34-10","成功事業區52林班","5","293793","2580626"
"MA-H34-10","成功事業區52林班","6","294051","2580794"
"MA-H34-11","成功事業區54林班","6","295159","2582652"
"MB-H31-14","大武39林班","1","225129","2478356"
"MB-H31-14","大武39林班","2","225267","2478526"
"MB-H31-14","大武39林班","3","225840","2478830"
"MB-H31-14","大武39林班","4","225756","2478636"
"MB-H31-14","大武39林班","5","225580","2478507"
"MB-H31-14","大武39林班","6","225484","2478299"
"MB-H32-07","台東縣大武山雙鬼湖利嘉林道","2","250852","2526047"
"MB-H32-07","台東縣大武山雙鬼湖利嘉林道","3","250676","2526082"
"MB-H32-07","台東縣大武山雙鬼湖利嘉林道","4","250461","2526191"
"MB-H32-07","台東縣大武山雙鬼湖利嘉林道","5","250222","2526277"
"MB-H32-07","台東縣大武山雙鬼湖利嘉林道","6","249955","2526349"
"MB-H32-07","台東縣大武山雙鬼湖利嘉林道","7","249550","2526543"
"MB-H33-16","南部橫貫公路1687","1","253299","2567427"
"MB-H33-16","南部橫貫公路1687","2","253040","2567430"
"MB-H33-16","南部橫貫公路1687","3","252801","2567630"
"MB-H33-16","南部橫貫公路1687","4","252406","2567696"
"MB-H33-16","南部橫貫公路1687","5","252219","2567936"
"MB-H33-16","南部橫貫公路1687","6","252018","2568232"
"MA-A01-02","仁澤A","7","301470","2716033"
"MA-A02-05","羅區73-75，79-80林班","7","327222","2722275"
"MA-A03-01","金山磺溪頭","7","308563","2789142"
"MA-A04-02","宜40","1","317052","2738630"
"MA-A04-04","宜64","5","314452","2735180"
"MB-A01-03","明池","7","296264","2726455"
"MB-A01-03","明池","8","297263","2727038"
"MB-A01-06","鴛鴦湖130號林道","11","294012","2721280"
"MB-A01-06","鴛鴦湖130號林道","12","294291","2721191"
"MB-A01-06","鴛鴦湖130號林道","13","294521","2720960"
"MA-B06-02","大湖第71林班","7","230435","2697048"
"MA-B06-06","南庄3林班","10","247887","2719695"
"MA-B06-06","南庄3林班","11","247823","2719385"
"MA-B06-06","南庄3林班","12","248237","2719247"
"MA-B06-06","南庄3林班","7","248610","2720184"
"MA-B06-06","南庄3林班","8","248363","2719991"
"MA-B06-06","南庄3林班","9","248135","2719784"
"MA-B07-05","義盛(復興分站)","1","287530","2743740"
"MA-B07-05","義盛(復興分站)","2","287530","2743539"
"MA-B07-05","義盛(復興分站)","3","287867","2743320"
"MA-B07-05","義盛(復興分站)","4","288016","2743179"
"MA-B07-05","義盛(復興分站)","6","288175","2742744"
"MA-B07-10","內奎輝","17","285453","2736460"
"MA-B07-10","內奎輝","18","285188","2737033"
"MA-B07-10","內奎輝","19","284973","2736993"
"MA-B07-10","內奎輝","20","284710","2737112"
"MA-B07-10","內奎輝","21","284501","2737258"
"MA-B07-10","內奎輝","22","284321","2737318"
"MA-B07-10","內奎輝","23","284833","2737241"
"MA-B09-08","大寮(26.27林班)","2","298435","2756164"
"MA-B09-08","大寮(26.27林班)","5","296743","2756067"
"MA-B09-10","插角(31林班)","5","291952","2752168"
"MA-B09-10","插角(31林班)","6","292210","2752158"
"MA-B09-10","插角(31林班)","7","292590","2752008"
"MA-B09-11","有木(32林班)","5","297146","2750322"
"MA-B09-11","有木(32林班)","6","297186","2750590"
"MA-B09-14","五寮(40林班)","6","287825","2750284"
"MA-B09-14","五寮(40林班)","7","288003","2750108"
"MA-B09-14","五寮(40林班)","8","288237","2749823"
"MB-B06-11","紅毛山(大坪)","7","249062","2713764"
"MB-B06-11","紅毛山(大坪)","8","249401","2713176"
"MB-B06-11","紅毛山(大坪)","9","249745","2713025"
"MB-B06-12","馬拉邦山","10","240557","2695765"
"MB-B06-12","馬拉邦山","11","240775","2695787"
"MB-B06-12","馬拉邦山","12","240984","2695801"
"MB-B06-12","馬拉邦山","7","240198","2695634"
"MB-B06-12","馬拉邦山","8","240400","2695607"
"MB-B06-12","馬拉邦山","9","240325","2695806"
"MB-B07-09","大溪事業區94林班","2","289281","2713865"
"MB-B08-05","田埔","10","278201","2726538"
"MB-B08-05","田埔","9","278295","2725942"
"MB-B08-12","俠客羅A","7","268428","2717444"
"MB-C11-11","大雪山210林道B","10","248366","2684443"
"MB-C12-11","580林道","7","249369","2694990"
"MB-D15-03","巒大77林班","6","240632","2623260"
"MB-D15-07","巒大74林班","7","242506","2622934"
"MA-E19-02","平坑","6","211056","2565978"
"MA-E21-11","瑞峰","3","216108","2606818"
"MA-E22-10","第三莊公車站","2","205493","2570204"
"MA-E22-10","第三莊公車站","3","205618","2569931"
"MB-E19-12","高雄縣南橫，天池","8","241350","2574262"
"MB-E19-13","高雄縣南橫，檜谷","7","241585","2573181"
"MB-E21-08","里佳","7","218963","2587221"
"MB-E21-12","森鐵41號隧道","7","225546","2598777"
"MA-F26-03","59林班-九棚段","4","236795","2446762"
"MA-F26-03","59林班-九棚段","5","236831","2446961"
"MA-F26-03","59林班-九棚段","6","236923","2447136"
"MA-F26-05","恆春事業區第13林班","2","227279","2449996"
"MA-F26-09","恆春事業區第35林班","3","233101","2427100"
"MA-F26-09","恆春事業區第35林班","4","233206","2427292"
"MA-G27-05","阿眉溪","6","284092","2571785"
"MA-G27-05","阿眉溪","7","283926","2571884"
"MA-G28-02","北坑","7","306408","2632274"
"MA-G28-03","南坑","1","304890","2629670"
"MA-G28-08","呂華礦場","2","292498","2637677"
"MA-G28-09","原荖腦山東方","8","296222","2637529"
"MA-G28-10","原荖腦山東南方","6","296104","2637093"
"MA-G29-04","花蓮縣合流","3","302255","2674865"
"MB-G29-01","大禹嶺","4","282296","2674969"
"MB-G29-08","卡拉寶山","1","289204","2675381"
"MB-G29-09","花蓮縣關原","9","284761","2675509"
"MA-H32-06","台東8林班","1","253505","2519886"
"MA-H33-13","電光日出","1","269358","2547427"
"MA-H33-13","電光日出","5","268744","2546855"
"MA-A01-02","仁澤A","7","301492","2716008"
"MA-A03-02","北投沙帽山","2","304763","2782194"
"MA-B06-01","1329區外保安林","4","236538","2705119"
"MA-B07-10","內奎輝※","17","285453","2736460"
"MA-B07-10","內奎輝※","18","285188","2737033"
"MA-B07-10","內奎輝※","19","284973","2736993"
"MA-B07-10","內奎輝※","20","284710","2737112"
"MA-B07-10","內奎輝※","21","284501","2737258"
"MA-B07-10","內奎輝※","22","284321","2737318"
"MA-B07-10","內奎輝※","23","284841","2737249"
"MA-B09-08","大寮（26.27林班）","1","298314","2755872"
"MA-B09-08","大寮（26.27林班）","2","298435","2756164"
"MA-B09-08","大寮（26.27林班）","4","298179","2756558"
"MA-B09-08","大寮（26.27林班）","5","296743","2756067"
"MA-B09-09","竹崙（28-30林班）","4","294118","2755413"
"MA-B09-10","插角（31林班）","6","292210","2752158"
"MA-B09-10","插角（31林班）","7","292590","2752008"
"MA-B09-11","有木（32林班）","1","296814","2749540"
"MA-B09-11","有木（32林班）","3","297165","2749819"
"MA-B09-11","有木（32林班）","5","297146","2750322"
"MA-B09-11","有木（32林班）","6","297186","2750590"
"MA-B09-14","五寮（40林班）","4","287708","2749965"
"MA-B09-14","五寮（40林班）","6","287825","2750284"
"MA-B09-14","五寮（40林班）","7","288003","2750108"
"MA-B09-14","五寮（40林班）","8","288237","2749823"
"MA-B09-15","福巴越嶺古道(檜山)※","1","301240","2740572"
"MA-B09-15","福巴越嶺古道(檜山)※","4","301227","2739900"
"MA-B09-15","福巴越嶺古道(檜山)※","5","301268","2739692"
"MA-B09-15","福巴越嶺古道(檜山)※","6","301063","2739621"
"MA-C11-10","出雲山苗圃※","10","239252","2680378"
"MA-C11-10","出雲山苗圃※","12","239819","2680703"
"MA-C11-10","出雲山苗圃※","13","239990","2680509"
"MA-C11-10","出雲山苗圃※","15","239959","2680943"
"MA-C11-10","出雲山苗圃※","16","239639","2680406"
"MA-C11-10","出雲山苗圃※","17","240119","2679918"
"MA-C11-10","出雲山苗圃※","18","240144","2679605"
"MA-C11-10","出雲山苗圃※","5","239429","2679912"
"MA-D17-06","武界林道（久久巢山）","5","255790","2642499"
"MA-F24-08","46林班","1","207504","2537488"
"MA-F24-08","46林班","2","207551","2537684"
"MA-F24-14","中壽山","2","174968","2505771"
"MA-F25-10","丹路","10","224440","2455785"
"MA-F25-10","丹路","9","224207","2455864"
"MA-F25-11","竹坑","1","219939","2451127"
"MA-F25-11","竹坑","7","219471","2451054"
"MA-F26-07","恆春事業區第39林班","7","230962","2436043"
"MA-F26-07","恆春事業區第39林班","8","231014","2435415"
"MA-G27-09","安通越嶺古道","1","288657","2575170"
"MA-G27-09","安通越嶺古道","2","288586","2575415"
"MA-G27-09","安通越嶺古道","3","288558","2575650"
"MA-G27-09","安通越嶺古道","4","288371","2575765"
"MA-G27-09","安通越嶺古道","5","288308","2576000"
"MA-G27-09","安通越嶺古道","6","288169","2575781"
"MA-G29-05","克寶山","7","326070","2687978"
"MA-H31-09","大武44林班加拉板溪","3","235854","2472950"
"MA-H31-09","大武44林班加拉板溪","4","236002","2473074"
"MA-H33-15","台東縣內本鹿古道※","7","254001","2530027"
"MB-A01-06","鴛鴦湖130號林道※","11","294012","2721280"
"MB-A01-06","鴛鴦湖130號林道※","12","294291","2721191"
"MB-A01-07","平元林道","1","309549","2711933"
"MB-A01-07","平元林道","2","309572","2712119"
"MB-A01-07","平元林道","3","309783","2712067"
"MB-A01-07","平元林道","4","309834","2711842"
"MB-A01-07","平元林道","5","310013","2711872"
"MB-A01-07","平元林道","6","310122","2711696"
"MB-B06-11","紅毛山（大坪）","7","249062","2713764"
"MB-B06-11","紅毛山（大坪）","8","249401","2713176"
"MB-B06-11","紅毛山（大坪）","9","249745","2713025"
"MB-B08-05","田埔※","10","278201","2726538"
"MB-B08-05","田埔※","9","278295","2725942"
"MB-B08-07","鎮西堡B※","11","280182","2714922"
"MB-B08-07","鎮西堡B※","12","279933","2714966"
"MB-C11-09","雪山西稜17K(230)","1","253961","2688928"
"MB-C11-09","雪山西稜17K(230)","2","254161","2688852"
"MB-C11-09","雪山西稜17K(230)","3","254306","2688700"
"MB-C11-09","雪山西稜17K(230)","4","254516","2688533"
"MB-C11-09","雪山西稜17K(230)","5","254633","2688703"
"MB-C11-09","雪山西稜17K(230)","6","254810","2688885"
"MB-C11-11","大雪山210林道B※","10","248366","2684443"
"MB-E19-12","高雄縣南橫，天池※","8","241350","2574262"
"MB-E20-06","特富野步道","6","231783","2597195"
"MB-E21-06","特富野","4","228646","2596188"
"MB-G28-13","磐石（瀧溪山）","6","288987","2658668"
"MB-H31-12","金山段","7","246319","2505382"
"MB-H32-05","台東7林班利嘉林道","2","253147","2522860"
"MB-H32-05","台東7林班利嘉林道","3","253237","2522729"
"MB-H33-02","錦屏林道","5","266594","2561223"
"MA-A03-02","北投沙帽山","8","304776","2782236"
"MA-A03-08","雙溪泰平","1","332701","2763306"
"MA-B06-01","1329區外保安林","4","236523","2705151"
"MA-B06-02","大湖第71林班","1","229580","2697632"
"MA-B06-02","大湖第71林班","2","229775","2697540"
"MA-B07-05","義盛(復興分站)","5","287999","2742983"
"MA-B09-02","信賢","5","303255","2746973"
"MA-B09-09","竹崙（28-30林班）","1","293560","2754916"
"MA-C13-04","勢麗仙區111","4","248648","2675306"
"MA-E19-14","合水仔","1","209888","2564488"
"MA-E19-14","合水仔","2","209888","2564282"
"MA-E19-14","合水仔","3","209960","2564097"
"MA-E19-14","合水仔","4","210249","2563816"
"MA-E19-14","合水仔","5","210383","2563609"
"MA-E19-15","龜丹溫泉","10","199689","2559250"
"MA-E19-15","龜丹溫泉","4","201326","2558464"
"MA-E19-15","龜丹溫泉","5","201076","2558614"
"MA-E19-15","龜丹溫泉","6","200778","2558477"
"MA-E19-15","龜丹溫泉","7","200542","2558574"
"MA-E19-15","龜丹溫泉","8","200326","2558769"
"MA-E19-15","龜丹溫泉","9","200031","2559013"
"MA-E22-14","溪頭","1","212543","2605156"
"MA-E22-14","溪頭","3","212738","2604916"
"MA-E22-14","溪頭","5","212828","2604255"
"MA-G28-14","花蓮縣龍澗","1","293234","2655397"
"MA-G28-14","花蓮縣龍澗","10","296264","2653659"
"MA-G28-14","花蓮縣龍澗","2","293453","2655293"
"MA-G28-14","花蓮縣龍澗","4","294081","2655002"
"MA-G28-14","花蓮縣龍澗","5","294471","2654744"
"MA-G28-14","花蓮縣龍澗","6","294879","2654509"
"MA-G28-14","花蓮縣龍澗","7","295361","2654348"
"MA-G28-14","花蓮縣龍澗","8","295484","2654180"
"MA-G28-14","花蓮縣龍澗","9","295858","2653876"
"MA-G29-10","富世國小","1","313696","2671026"
"MA-G29-10","富世國小","2","313897","2671175"
"MA-G29-10","富世國小","3","314064","2671275"
"MA-G29-10","富世國小","6","314217","2671097"
"MA-G29-11","下清水橋(清水斷崖)","1","318318","2678216"
"MA-G29-11","下清水橋(清水斷崖)","2","319797","2679136"
"MA-G29-11","下清水橋(清水斷崖)","3","319986","2679432"
"MA-G29-11","下清水橋(清水斷崖)","4","320252","2679297"
"MA-G29-11","下清水橋(清水斷崖)","5","320849","2679768"
"MA-G29-11","下清水橋(清水斷崖)","6","321026","2679890"
"MA-G29-12","迴頭灣","1","299992","2677084"
"MA-G29-12","迴頭灣","10","299193","2677580"
"MA-G29-12","迴頭灣","2","299546","2677759"
"MA-G29-12","迴頭灣","3","299586","2678356"
"MA-G29-12","迴頭灣","6","299114","2678890"
"MA-G29-12","迴頭灣","9","299467","2677308"
"MA-G30-15","蕃薯寮溪流域間","1","303692","2626186"
"MA-G30-15","蕃薯寮溪流域間","2","303830","2626405"
"MA-G30-15","蕃薯寮溪流域間","3","304047","2626539"
"MA-G30-15","蕃薯寮溪流域間","4","304309","2626573"
"MA-G30-15","蕃薯寮溪流域間","5","304566","2626625"
"MA-G30-15","蕃薯寮溪流域間","6","304719","2626832"
"MA-H32-09","台東31林班知本林道","1","249278","2512166"
"MB-A01-06","鴛鴦湖130號林道※","13","294521","2720960"
"MB-B06-10","二本松","3","250453","2699813"
"MB-B08-11","鵝公髻山","4","258370","2723313"
"MB-B08-12","俠客羅A","7","268459","2717338"
"MB-C11-07","船形山苗圃","4","250650","2684030"
"MB-E20-13","小笠原山(下方平台旁)","3","231702","2599898"
"MB-E20-13","小笠原山(下方平台旁)","4","231560","2599661"
"MB-E20-13","小笠原山(下方平台旁)","5","231454","2599418"
"MB-F23-12","小關山林道","1","224954","2558218"
"MB-F23-12","小關山林道","2","224986","2558432"
"MB-F23-12","小關山林道","3","225070","2558654"
"MB-F23-12","小關山林道","4","225207","2558804"
"MB-F23-12","小關山林道","5","225414","2558890"
"MB-F23-12","小關山林道","6","225608","2558963"
"MB-G27-10","苳苳園西山","1","271073","2571734"
"MB-G27-10","苳苳園西山","2","271263","2571898"
"MB-G27-10","苳苳園西山","3","271331","2572164"
"MB-G27-10","苳苳園西山","4","271529","2572570"
"MB-G27-10","苳苳園西山","5","271679","2572843"
"MB-G27-10","苳苳園西山","6","271999","2572920"
"MB-G27-10","苳苳園西山","7","272219","2572973"
"MB-G30-05","光復林道19k","5","286538","2619426"
"MA-B06-08","坪林","10","237809","2688301"
"MA-B06-08","坪林","11","238112","2688357"
"MA-B06-08","坪林","12","238371","2688353"
"MA-B06-08","坪林","7","237131","2688101"
"MA-B06-08","坪林","8","237384","2688111"
"MA-B06-08","坪林","9","237600","2688204"
"MA-E19-14","合水仔","6","210428","2563404"
"MA-F24-06","旗尾","4","198041","2533404"
"MA-A03-02","北投紗帽山","1","305008","2782233"
"MA-A03-02","北投紗帽山","3","304459","2781988"
"MA-A03-02","北投紗帽山","4","304251","2781919"
"MA-A03-02","北投紗帽山","5","304018","2781757"
"MA-A03-02","北投紗帽山","6","304271","2782587"
"MA-A03-02","北投紗帽山","7","303192","2781927"
"MA-A03-02","北投紗帽山","8","304776","2782236"
"MA-A05-04","南區62林班","7","327680","2710978"
"MA-A05-05","南區82、83林班","7","321428","2702123"
"MA-A05-05","南區82、83林班","8","321647","2702051"
"MA-A05-05","南區82、83林班","9","321884","2702152"
"MA-A05-06","宜蘭縣烏石鼻※","11","334287","2709694"
"MA-E22-14","溪頭","6","212722","2604016"
"MA-G30-16","花蓮縣萬榮林道","1","290301","2623219"
"MA-G30-16","花蓮縣萬榮林道","10","288167","2623411"
"MA-G30-16","花蓮縣萬榮林道","2","287879","2623501"
"MA-G30-16","花蓮縣萬榮林道","3","289878","2623115"
"MA-G30-16","花蓮縣萬榮林道","4","289553","2623157"
"MA-G30-16","花蓮縣萬榮林道","5","289228","2623294"
"MA-G30-16","花蓮縣萬榮林道","6","289030","2623051"
"MA-G30-16","花蓮縣萬榮林道","7","288748","2623069"
"MA-G30-16","花蓮縣萬榮林道","8","288546","2623193"
"MA-G30-16","花蓮縣萬榮林道","9","288392","2623354"
"MA-H32-09","台東31林班知本林道","7","250832","2510961"
"MA-H32-09","台東31林班知本林道","8","251584","2510974"
"MB-E19-13","高雄縣南橫，檜谷※","4","241974","2573143"
"MB-D17-03","濁水溪區28林班","7","273057","2660449"
