"樣區名稱","樣區編號","樣點代號","TWD97_X","TWD97_Y"
"礁溪","MA-A04-07","6","328623","2748696"
"礁溪","MA-A04-07","5","328466","2748878"
"礁溪","MA-A04-07","4","328378","2749071"
"礁溪","MA-A04-07","3","328292","2749262"
"礁溪","MA-A04-07","2","328210","2749447"
"礁溪","MA-A04-07","1","328258","2749665"
"台北縣坪林台灣油杉自然保留區","MA-A03-07","2","318631","2756151"
"台北縣坪林台灣油杉自然保留區","MA-A03-07","3","318516","2755973"
"台北縣坪林台灣油杉自然保留區","MA-A03-07","4","318795","2755849"
"台北縣坪林台灣油杉自然保留區","MA-A03-07","5","318301","2755783"
"台北縣坪林台灣油杉自然保留區","MA-A03-07","7","318417","2755236"
"台北縣坪林台灣油杉自然保留區","MA-A03-07","8","318293","2755062"
"台北縣坪林台灣油杉自然保留區","MA-A03-07","9","318049","2754859"
"台北縣坪林台灣油杉自然保留區","MA-A03-07","10","317942","2754484"
"台北縣坪林台灣油杉自然保留區","MA-A03-07","6","318341","2755438"
"雙溪泰平","MA-A03-08","1","332701","2763339"
"雙溪泰平","MA-A03-08","2","332467","2763050"
"雙溪泰平","MA-A03-08","3","331991","2763213"
"雙溪泰平","MA-A03-08","4","331934","2763440"
"雙溪泰平","MA-A03-08","5","331932","2762880"
"雙溪泰平","MA-A03-08","6","331832","2762690"
"雙溪泰平","MA-A03-08","7","332166","2762766"
"雙溪泰平","MA-A03-08","1","332701","2763306"
"福巴越嶺古道（檜山）","MA-B09-15","2","301213","2740362"
"福巴越嶺古道（檜山）","MA-B09-15","3","301178","2740121"
"福巴越嶺古道（檜山）","MA-B09-15","1","301240","2740572"
"福巴越嶺古道（檜山）","MA-B09-15","4","301227","2739900"
"福巴越嶺古道（檜山）","MA-B09-15","5","301268","2739692"
"福巴越嶺古道（檜山）","MA-B09-15","6","301063","2739621"
"桶后造林中心（桶后吊橋）","MA-B09-07","1","315576","2747844"
"桶后造林中心（桶后吊橋）","MA-B09-07","2","315339","2747727"
"桶后造林中心（桶后吊橋）","MA-B09-07","3","315116","2747708"
"桶后造林中心（桶后吊橋）","MA-B09-07","4","315075","2747938"
"桶后造林中心（桶后吊橋）","MA-B09-07","5","314841","2747982"
"桶后造林中心（桶后吊橋）","MA-B09-07","6","314693","2748217"
"桶后造林中心（桶后吊橋）","MA-B09-07","7","314472","2748197"
"桶后造林中心（桶后吊橋）","MA-B09-07","8","314415","2748394"
"西坑","MA-B09-01","1","311529","2749018"
"西坑","MA-B09-01","2","311221","2748907"
"西坑","MA-B09-01","3","310928","2749028"
"西坑","MA-B09-01","4","310760","2748803"
"西坑","MA-B09-01","5","310434","2749121"
"西坑","MA-B09-01","6","310247","2748885"
"西坑","MA-B09-01","7","309928","2748853"
"信賢","MA-B09-02","1","303595","2748094"
"信賢","MA-B09-02","2","303359","2747845"
"信賢","MA-B09-02","3","303264","2747590"
"信賢","MA-B09-02","4","303170","2747321"
"信賢","MA-B09-02","5","303313","2747071"
"信賢","MA-B09-02","6","303172","2746743"
"信賢","MA-B09-02","5","303255","2746973"
"仁澤B","MA-A01-01","1","300595","2716742"
"仁澤B","MA-A01-01","2","300795","2716706"
"仁澤B","MA-A01-01","3","301000","2716706"
"仁澤B","MA-A01-01","4","301195","2716640"
"仁澤B","MA-A01-01","5","301373","2716555"
"仁澤B","MA-A01-01","6","301560","2716506"
"仁澤A","MA-A01-02","6","301570","2715714"
"仁澤A","MA-A01-02","5","301538","2715507"
"仁澤A","MA-A01-02","3","301314","2715672"
"仁澤A","MA-A01-02","1","301096","2715866"
"仁澤A","MA-A01-02","4","301195","2715520"
"仁澤A","MA-A01-02","7","301470","2716033"
"仁澤A","MA-A01-02","7","301492","2716008"
"宜蘭縣猴猴坑","MA-A02-07","1","337921","2715093"
"宜蘭縣猴猴坑","MA-A02-07","3","337806","2715538"
"宜蘭縣猴猴坑","MA-A02-07","4","337891","2715743"
"宜蘭縣猴猴坑","MA-A02-07","5","337839","2715986"
"宜蘭縣猴猴坑","MA-A02-07","6","337811","2716213"
"宜蘭縣猴猴坑","MA-A02-07","7","337824","2716426"
"宜蘭縣猴猴坑","MA-A02-07","8","337696","2716619"
"宜蘭縣猴猴坑","MA-A02-07","9","337692","2716850"
"宜蘭縣猴猴坑","MA-A02-07","10","337634","2717068"
"宜蘭縣烏石鼻","MA-A05-06","10","334575","2709514"
"宜蘭縣烏石鼻","MA-A05-06","8","334784","2709394"
"宜蘭縣烏石鼻","MA-A05-06","7","334992","2709173"
"宜蘭縣烏石鼻","MA-A05-06","6","335226","2709167"
"宜蘭縣烏石鼻","MA-A05-06","5","335316","2709395"
"宜蘭縣烏石鼻","MA-A05-06","4","335480","2709269"
"宜蘭縣烏石鼻","MA-A05-06","3","335586","2709036"
"宜蘭縣烏石鼻","MA-A05-06","9","334577","2709270"
"宜蘭縣烏石鼻","MA-A05-06","11","334287","2709694"
"寒溪","MA-A02-08","1","318916","2720603"
"寒溪","MA-A02-08","2","319036","2720443"
"寒溪","MA-A02-08","3","319102","2720253"
"寒溪","MA-A02-08","4","319083","2720049"
"寒溪","MA-A02-08","5","318965","2719771"
"寒溪","MA-A02-08","6","318776","2719702"
"神秘湖B","MA-A05-07","1","324994","2699600"
"神秘湖B","MA-A05-07","2","325091","2699807"
"神秘湖B","MA-A05-07","3","325164","2699503"
"神秘湖B","MA-A05-07","4","325276","2699329"
"神秘湖B","MA-A05-07","5","325494","2699221"
"神秘湖B","MA-A05-07","6","325611","2699048"
"南區82、83林班","MA-A05-05","2","321253","2702234"
"南區82、83林班","MA-A05-05","1","321166","2702419"
"南區82、83林班","MA-A05-05","3","320971","2702361"
"南區82、83林班","MA-A05-05","4","321011","2702207"
"南區82、83林班","MA-A05-05","5","320936","2702011"
"南區82、83林班","MA-A05-05","6","320743","2701934"
"南區82、83林班","MA-A05-05","7","321428","2702123"
"南區82、83林班","MA-A05-05","8","321647","2702051"
"南區82、83林班","MA-A05-05","9","321884","2702152"
"內奎輝","MA-B07-10","1","285453","2736919"
"內奎輝","MA-B07-10","2","285189","2737166"
"內奎輝","MA-B07-10","3","284974","2737430"
"內奎輝","MA-B07-10","4","284921","2737121"
"內奎輝","MA-B07-10","6","284710","2737040"
"內奎輝","MA-B07-10","7","284501","2737127"
"內奎輝","MA-B07-10","8","284321","2737003"
"內奎輝","MA-B07-10","10","284533","2736831"
"內奎輝","MA-B07-10","17","285453","2736460"
"內奎輝","MA-B07-10","18","285188","2737033"
"內奎輝","MA-B07-10","19","284973","2736993"
"內奎輝","MA-B07-10","20","284710","2737112"
"內奎輝","MA-B07-10","21","284501","2737258"
"內奎輝","MA-B07-10","22","284321","2737318"
"內奎輝","MA-B07-10","23","284833","2737241"
"內奎輝","MA-B07-10","23","284841","2737249"
"東滿步道(烏來事業區第36林班)","MA-B09-12","1","295379","2745793"
"東滿步道(烏來事業區第36林班)","MA-B09-12","2","295224","2745569"
"東滿步道(烏來事業區第36林班)","MA-B09-12","3","295021","2745330"
"東滿步道(烏來事業區第36林班)","MA-B09-12","4","295002","2745055"
"東滿步道(烏來事業區第36林班)","MA-B09-12","5","294814","2744750"
"東滿步道(烏來事業區第36林班)","MA-B09-12","6","294710","2744500"
"清泉","MA-B08-03","1","260905","2717793"
"清泉","MA-B08-03","2","260822","2717638"
"清泉","MA-B08-03","3","261192","2717653"
"清泉","MA-B08-03","4","261470","2717676"
"清泉","MA-B08-03","5","261421","2717389"
"清泉","MA-B08-03","6","261457","2717026"
"鴛鴦谷瀑布","MA-B08-04","2","276842","2737759"
"鴛鴦谷瀑布","MA-B08-04","3","277083","2737784"
"鴛鴦谷瀑布","MA-B08-04","4","277210","2737914"
"鴛鴦谷瀑布","MA-B08-04","6","277393","2738176"
"鴛鴦谷瀑布","MA-B08-04","7","277699","2738322"
"鴛鴦谷瀑布","MA-B08-04","8","277878","2738218"
"鴛鴦谷瀑布","MA-B08-04","9","278305","2738244"
"鴛鴦谷瀑布","MA-B08-04","10","279035","2738197"
"大濁水林道","MA-A05-08","1","325118","2690469"
"大濁水林道","MA-A05-08","2","324428","2690617"
"大濁水林道","MA-A05-08","3","324226","2690622"
"大濁水林道","MA-A05-08","4","324726","2690733"
"大濁水林道","MA-A05-08","5","324914","2690801"
"大濁水林道","MA-A05-08","6","325070","2690661"
"花蓮縣合流","MA-G29-04","1","302745","2674828"
"花蓮縣合流","MA-G29-04","2","302108","2674798"
"花蓮縣合流","MA-G29-04","4","302450","2674767"
"花蓮縣合流","MA-G29-04","3","302255","2674865"
"花蓮縣合流","MA-G29-04","5","301615","2674949"
"花蓮縣合流","MA-G29-04","7","302258","2674703"
"迴頭灣","MA-G29-12","1","299992","2677084"
"迴頭灣","MA-G29-12","10","299193","2677580"
"迴頭灣","MA-G29-12","2","299546","2677759"
"迴頭灣","MA-G29-12","3","299586","2678356"
"迴頭灣","MA-G29-12","6","299114","2678890"
"迴頭灣","MA-G29-12","9","299467","2677308"
"洛韶","MA-G29-07","1","299257","2676182"
"洛韶","MA-G29-07","2","298858","2676442"
"洛韶","MA-G29-07","3","298488","2676812"
"洛韶","MA-G29-07","4","298043","2677107"
"洛韶","MA-G29-07","5","297606","2677202"
"洛韶","MA-G29-07","6","296849","2677356"
"洛韶","MA-G29-07","7","296579","2677693"
"洛韶","MA-G29-07","8","295921","2677552"
"洛韶","MA-G29-07","9","295842","2677973"
"下清水橋（清水斷崖）","MA-G29-11","1","318318","2678216"
"下清水橋（清水斷崖）","MA-G29-11","2","319797","2679136"
"下清水橋（清水斷崖）","MA-G29-11","3","319986","2679432"
"下清水橋（清水斷崖）","MA-G29-11","4","320252","2679297"
"下清水橋（清水斷崖）","MA-G29-11","5","320849","2679768"
"下清水橋（清水斷崖）","MA-G29-11","6","321026","2679890"
"花蓮縣龍澗","MA-G28-14","1","293234","2655397"
"花蓮縣龍澗","MA-G28-14","10","296264","2653659"
"花蓮縣龍澗","MA-G28-14","2","293453","2655293"
"花蓮縣龍澗","MA-G28-14","4","294081","2655002"
"花蓮縣龍澗","MA-G28-14","5","294471","2654744"
"花蓮縣龍澗","MA-G28-14","6","294879","2654509"
"花蓮縣龍澗","MA-G28-14","7","295361","2654348"
"花蓮縣龍澗","MA-G28-14","8","295484","2654180"
"花蓮縣龍澗","MA-G28-14","9","295858","2653876"
"富世國小","MA-G29-10","1","313696","2671026"
"富世國小","MA-G29-10","2","313897","2671175"
"富世國小","MA-G29-10","3","314064","2671275"
"富世國小","MA-G29-10","6","314217","2671097"
"呂華礦場","MA-G28-08","1","292275","2637751"
"呂華礦場","MA-G28-08","3","292737","2637415"
"呂華礦場","MA-G28-08","4","292953","2637169"
"呂華礦場","MA-G28-08","5","293063","2636976"
"呂華礦場","MA-G28-08","6","293226","2636741"
"呂華礦場","MA-G28-08","2","292498","2637677"
"原荖腦山東方","MA-G28-09","7","296313","2637819"
"原荖腦山東方","MA-G28-09","8","296222","2637529"
"原荖腦山東南方","MA-G28-10","3","296573","2636843"
"原荖腦山東南方","MA-G28-10","4","296407","2637118"
"原荖腦山東南方","MA-G28-10","6","296104","2637093"
"向陽山步道","MA-G28-11","1","306285","2654899"
"向陽山步道","MA-G28-11","2","306170","2654224"
"向陽山步道","MA-G28-11","3","305965","2654428"
"向陽山步道","MA-G28-11","4","305685","2654239"
"向陽山步道","MA-G28-11","5","305479","2654190"
"向陽山步道","MA-G28-11","6","305016","2654280"
"楓林步道","MA-G28-12","5","305448","2651208"
"楓林步道","MA-G28-12","4","305683","2651489"
"楓林步道","MA-G28-12","3","305396","2651962"
"楓林步道","MA-G28-12","6","305391","2651651"
"楓林步道","MA-G28-12","2","306008","2651730"
"楓林步道","MA-G28-12","1","305983","2651976"
"花蓮縣萬榮林道","MA-G30-16","1","290301","2623219"
"花蓮縣萬榮林道","MA-G30-16","10","288167","2623411"
"花蓮縣萬榮林道","MA-G30-16","2","287879","2623501"
"花蓮縣萬榮林道","MA-G30-16","3","289878","2623115"
"花蓮縣萬榮林道","MA-G30-16","4","289553","2623157"
"花蓮縣萬榮林道","MA-G30-16","5","289228","2623294"
"花蓮縣萬榮林道","MA-G30-16","6","289030","2623051"
"花蓮縣萬榮林道","MA-G30-16","7","288748","2623069"
"花蓮縣萬榮林道","MA-G30-16","8","288546","2623193"
"花蓮縣萬榮林道","MA-G30-16","9","288392","2623354"
"蕃薯寮溪流域間","MA-G30-15","1","303692","2626186"
"蕃薯寮溪流域間","MA-G30-15","2","303830","2626405"
"蕃薯寮溪流域間","MA-G30-15","3","304047","2626539"
"蕃薯寮溪流域間","MA-G30-15","4","304309","2626573"
"蕃薯寮溪流域間","MA-G30-15","5","304566","2626625"
"蕃薯寮溪流域間","MA-G30-15","6","304719","2626832"
"台東縣內本鹿古道","MA-H33-15","2","253708","2530359"
"台東縣內本鹿古道","MA-H33-15","3","253568","2530206"
"台東縣內本鹿古道","MA-H33-15","4","253309","2530140"
"台東縣內本鹿古道","MA-H33-15","5","253115","2530061"
"台東縣內本鹿古道","MA-H33-15","6","252887","2530120"
"台東縣內本鹿古道","MA-H33-15","7","254001","2530027"
"台東8林班","MA-H32-06","1","253506","2519886"
"台東8林班","MA-H32-06","2","253636","2519785"
"台東8林班","MA-H32-06","3","253726","2519542"
"台東8林班","MA-H32-06","4","253678","2519373"
"台東8林班","MA-H32-06","5","253567","2519197"
"台東8林班","MA-H32-06","6","253817","2518911"
"台東8林班","MA-H32-06","1","253505","2519886"
"坪林","MA-B06-08","1","238117","2688399"
"坪林","MA-B06-08","2","238390","2688399"
"坪林","MA-B06-08","3","238635","2688432"
"坪林","MA-B06-08","4","238873","2688354"
"坪林","MA-B06-08","5","238101","2688163"
"坪林","MA-B06-08","6","238715","2688175"
"坪林","MA-B06-08","10","237809","2688301"
"坪林","MA-B06-08","11","238112","2688357"
"坪林","MA-B06-08","12","238371","2688353"
"坪林","MA-B06-08","7","237131","2688101"
"坪林","MA-B06-08","8","237384","2688111"
"坪林","MA-B06-08","9","237600","2688204"
"武界林道（久久巢山）","MA-D17-06","1","256716","2641997"
"武界林道（久久巢山）","MA-D17-06","2","256531","2642038"
"武界林道（久久巢山）","MA-D17-06","3","256310","2642160"
"武界林道（久久巢山）","MA-D17-06","4","256134","2642247"
"武界林道（久久巢山）","MA-D17-06","6","255628","2642684"
"武界林道（久久巢山）","MA-D17-06","5","255790","2642499"
"溪頭","MA-E22-14","1","212543","2605156"
"溪頭","MA-E22-14","3","212738","2604916"
"溪頭","MA-E22-14","5","212828","2604255"
"溪頭","MA-E22-14","6","212722","2604016"
"中壽山","MA-F24-14","1","175099","2505933"
"中壽山","MA-F24-14","2","174933","2505732"
"中壽山","MA-F24-14","3","174758","2505947"
"中壽山","MA-F24-14","4","174466","2506106"
"中壽山","MA-F24-14","5","174545","2505909"
"中壽山","MA-F24-14","6","174542","2505653"
"中壽山","MA-F24-14","2","174968","2505771"
"公興國小","MA-E22-11","1","212386","2591530"
"公興國小","MA-E22-11","2","212715","2591120"
"公興國小","MA-E22-11","3","212646","2590853"
"公興國小","MA-E22-11","4","212933","2590477"
"公興國小","MA-E22-11","5","213364","2590193"
"公興國小","MA-E22-11","6","213096","2589936"
"麻竹湖吊橋","MA-E22-12","1","213449","2575570"
"麻竹湖吊橋","MA-E22-12","3","213312","2575146"
"麻竹湖吊橋","MA-E22-12","4","213449","2574960"
"麻竹湖吊橋","MA-E22-12","5","213285","2574757"
"麻竹湖吊橋","MA-E22-12","6","213108","2574510"
"麻竹湖吊橋","MA-E22-12","6","213180","2574510"
"奉龍谷瀑布","MA-E22-13","1","210252","2572885"
"奉龍谷瀑布","MA-E22-13","2","210392","2572703"
"奉龍谷瀑布","MA-E22-13","3","210553","2572523"
"奉龍谷瀑布","MA-E22-13","4","210598","2572840"
"奉龍谷瀑布","MA-E22-13","5","210768","2573018"
"奉龍谷瀑布","MA-E22-13","6","210858","2573245"
"合水仔","MA-E19-14","1","209888","2564488"
"合水仔","MA-E19-14","2","209888","2564282"
"合水仔","MA-E19-14","3","209960","2564097"
"合水仔","MA-E19-14","4","210249","2563816"
"合水仔","MA-E19-14","5","210383","2563609"
"合水仔","MA-E19-14","6","210428","2563404"
"龜丹溫泉","MA-E19-15","10","199689","2559250"
"龜丹溫泉","MA-E19-15","4","201326","2558464"
"龜丹溫泉","MA-E19-15","5","201076","2558614"
"龜丹溫泉","MA-E19-15","6","200778","2558477"
"龜丹溫泉","MA-E19-15","7","200542","2558574"
"龜丹溫泉","MA-E19-15","8","200326","2558769"
"龜丹溫泉","MA-E19-15","9","200031","2559013"
"馬頭山路口公車站","MA-E22-07","1","210235","2580735"
"馬頭山路口公車站","MA-E22-07","2","210050","2580553"
"馬頭山路口公車站","MA-E22-07","3","209959","2580337"
"馬頭山路口公車站","MA-E22-07","4","209824","2580097"
"馬頭山路口公車站","MA-E22-07","5","209794","2579858"
"馬頭山路口公車站","MA-E22-07","6","209847","2579627"
"鈺鼎","MA-E19-08","1","199624","2553424"
"鈺鼎","MA-E19-08","2","199814","2553766"
"鈺鼎","MA-E19-08","3","199864","2553961"
"鈺鼎","MA-E19-08","4","199956","2554145"
"鈺鼎","MA-E19-08","5","200014","2554340"
"鈺鼎","MA-E19-08","6","200002","2554544"
"南勢坑","MA-F24-12","1","209786","2543038"
"南勢坑","MA-F24-12","2","209819","2542847"
"南勢坑","MA-F24-12","3","209411","2543017"
"南勢坑","MA-F24-12","6","209853","2543353"
"朱厝","MA-F24-13","2","209569","2532966"
"朱厝","MA-F24-13","3","208434","2532632"
"朱厝","MA-F24-13","4","208697","2532845"
"朱厝","MA-F24-13","5","208632","2533084"
"朱厝","MA-F24-13","6","208918","2532895"
"明池","MB-A01-03","1","296494","2726348"
"明池","MB-A01-03","2","296606","2726634"
"明池","MB-A01-03","3","296766","2726645"
"明池","MB-A01-03","4","296835","2726455"
"明池","MB-A01-03","5","297014","2726548"
"明池","MB-A01-03","6","297111","2726731"
"明池","MB-A01-03","7","296264","2726455"
"明池","MB-A01-03","8","297263","2727038"
"棲蘭A","MB-A01-04","1","293735","2720264"
"棲蘭A","MB-A01-04","2","293849","2720099"
"棲蘭A","MB-A01-04","3","293981","2720235"
"棲蘭A","MB-A01-04","4","294193","2720253"
"棲蘭A","MB-A01-04","5","294267","2720433"
"棲蘭A","MB-A01-04","6","294382","2720601"
"棲蘭D","MB-A01-05","1","294907","2721434"
"棲蘭D","MB-A01-05","2","295113","2721412"
"棲蘭D","MB-A01-05","3","295291","2721328"
"棲蘭D","MB-A01-05","4","295447","2721464"
"棲蘭D","MB-A01-05","5","295530","2721655"
"棲蘭D","MB-A01-05","6","295746","2721648"
"鴛鴦湖130號林道","MB-A01-06","1","293749","2721127"
"鴛鴦湖130號林道","MB-A01-06","2","293433","2721156"
"鴛鴦湖130號林道","MB-A01-06","3","293293","2721393"
"鴛鴦湖130號林道","MB-A01-06","11","294012","2721280"
"鴛鴦湖130號林道","MB-A01-06","12","294291","2721191"
"鴛鴦湖130號林道","MB-A01-06","13","294521","2720960"
"翠峰林道","MB-A01-07","1","309549","2711933"
"翠峰林道","MB-A01-07","2","309572","2712119"
"翠峰林道","MB-A01-07","3","309783","2712067"
"翠峰林道","MB-A01-07","4","309834","2711842"
"翠峰林道","MB-A01-07","5","310013","2711872"
"翠峰林道","MB-A01-07","6","310122","2711696"
"田埔","MB-B08-05","8","278374","2727289"
"田埔","MB-B08-05","7","278088","2727447"
"田埔","MB-B08-05","2","277963","2726600"
"田埔","MB-B08-05","3","278185","2726265"
"田埔","MB-B08-05","6","277846","2727651"
"田埔","MB-B08-05","5","278859","2726993"
"田埔","MB-B08-05","4","278654","2726568"
"田埔","MB-B08-05","10","278201","2726538"
"田埔","MB-B08-05","9","278295","2725942"
"泰崗","MB-B08-06","1","280420","2720177"
"泰崗","MB-B08-06","2","280636","2720418"
"泰崗","MB-B08-06","3","280730","2720596"
"泰崗","MB-B08-06","4","280962","2720666"
"泰崗","MB-B08-06","5","280885","2720855"
"泰崗","MB-B08-06","6","280654","2720893"
"泰崗","MB-B08-06","7","280476","2721040"
"泰崗","MB-B08-06","8","280232","2721190"
"泰崗","MB-B08-06","9","280276","2721535"
"鎮西堡B","MB-B08-07","1","279564","2716239"
"鎮西堡B","MB-B08-07","2","279527","2716036"
"鎮西堡B","MB-B08-07","4","279510","2715641"
"鎮西堡B","MB-B08-07","6","279432","2715265"
"鎮西堡B","MB-B08-07","7","279528","2715032"
"鎮西堡B","MB-B08-07","8","279686","2714875"
"鎮西堡B","MB-B08-07","9","279862","2714704"
"鎮西堡B","MB-B08-07","11","280182","2714922"
"鎮西堡B","MB-B08-07","12","279933","2714966"
"俠客羅C","MB-B08-08","6","271682","2716352"
"俠客羅C","MB-B08-08","5","271863","2716515"
"俠客羅C","MB-B08-08","4","272067","2716451"
"俠客羅C","MB-B08-08","3","272275","2716361"
"俠客羅C","MB-B08-08","2","272464","2716476"
"俠客羅C","MB-B08-08","1","272633","2716678"
"四季林道","MB-A01-08","2","294741","2708902"
"四季林道","MB-A01-08","1","294511","2708845"
"四季林道","MB-A01-08","3","294887","2709031"
"四季林道","MB-A01-08","4","295061","2709111"
"四季林道","MB-A01-08","5","295244","2709215"
"四季林道","MB-A01-08","6","295409","2709187"
"棲蘭C","MB-B07-12","2","290229","2714213"
"棲蘭C","MB-B07-12","3","290212","2714418"
"棲蘭C","MB-B07-12","4","289934","2714210"
"棲蘭C","MB-B07-12","6","289787","2713827"
"棲蘭C","MB-B07-12","5","289870","2714016"
"棲蘭C","MB-B07-12","1","290277","2714021"
"羅山林道上","MB-B08-09","1","266402","2725139"
"羅山林道上","MB-B08-09","2","266590","2725061"
"羅山林道上","MB-B08-09","3","266802","2725217"
"羅山林道上","MB-B08-09","4","267082","2725339"
"羅山林道上","MB-B08-09","5","267302","2725400"
"羅山林道上","MB-B08-09","6","267502","2725396"
"鳥嘴山","MB-B08-10","1","257773","2719083"
"鳥嘴山","MB-B08-10","2","257949","2718789"
"鳥嘴山","MB-B08-10","3","257765","2718564"
"鳥嘴山","MB-B08-10","4","257664","2718096"
"鳥嘴山","MB-B08-10","5","258053","2719351"
"鳥嘴山","MB-B08-10","6","258174","2719507"
"鵝公髻山","MB-B08-11","3","258539","2723404"
"鵝公髻山","MB-B08-11","1","258653","2723752"
"鵝公髻山","MB-B08-11","2","258642","2723562"
"鵝公髻山","MB-B08-11","4","258347","2723348"
"鵝公髻山","MB-B08-11","5","258269","2723161"
"鵝公髻山","MB-B08-11","6","258184","2722967"
"鵝公髻山","MB-B08-11","4","258370","2723313"
"俠客羅A","MB-B08-12","1","268675","2717622"
"俠客羅A","MB-B08-12","2","268890","2717692"
"俠客羅A","MB-B08-12","3","269103","2717690"
"俠客羅A","MB-B08-12","4","269550","2717650"
"俠客羅A","MB-B08-12","6","269811","2717852"
"俠客羅A","MB-B08-12","7","268428","2717444"
"俠客羅A","MB-B08-12","7","268459","2717338"
"俠客羅B","MB-B08-13","1","270095","2718103"
"俠客羅B","MB-B08-13","2","270295","2718037"
"俠客羅B","MB-B08-13","3","270432","2717858"
"俠客羅B","MB-B08-13","4","270640","2717814"
"俠客羅B","MB-B08-13","5","270850","2717708"
"俠客羅B","MB-B08-13","6","270721","2717538"
"司馬限山","MB-B06-09","1","245864","2700233"
"司馬限山","MB-B06-09","2","247196","2700446"
"司馬限山","MB-B06-09","3","246143","2700052"
"司馬限山","MB-B06-09","4","246352","2700264"
"司馬限山","MB-B06-09","5","246701","2700182"
"司馬限山","MB-B06-09","6","247035","2700263"
"二本松","MB-B06-10","1","249213","2699880"
"二本松","MB-B06-10","2","249532","2699908"
"二本松","MB-B06-10","3","250442","2699870"
"二本松","MB-B06-10","4","250187","2699923"
"二本松","MB-B06-10","5","249948","2699980"
"二本松","MB-B06-10","6","249741","2700107"
"二本松","MB-B06-10","3","250453","2699813"
"大鹿林道東線","MB-B08-14","6","269324","2710439"
"大鹿林道東線","MB-B08-14","5","269217","2710166"
"大鹿林道東線","MB-B08-14","4","269011","2709966"
"大鹿林道東線","MB-B08-14","1","268798","2709912"
"大鹿林道東線","MB-B08-14","2","268547","2709895"
"大鹿林道東線","MB-B08-14","3","268425","2709709"
"大霸C","MB-B08-15","1","270069","2707662"
"大霸C","MB-B08-15","2","270136","2707486"
"大霸C","MB-B08-15","3","270242","2707314"
"大霸C","MB-B08-15","4","270262","2707100"
"大霸C","MB-B08-15","5","270389","2706876"
"大霸C","MB-B08-15","6","270614","2706962"
"540林道停車場","MB-C12-02","1","248464","2691774"
"540林道停車場","MB-C12-02","2","248358","2691946"
"540林道停車場","MB-C12-02","3","248163","2692034"
"540林道停車場","MB-C12-02","4","248117","2691830"
"540林道停車場","MB-C12-02","5","248275","2691706"
"540林道停車場","MB-C12-02","6","248398","2691533"
"大雪山230林道A","MB-C11-08","1","252508","2689015"
"大雪山230林道A","MB-C11-08","2","252638","2689203"
"大雪山230林道A","MB-C11-08","3","252824","2689382"
"大雪山230林道A","MB-C11-08","4","253078","2689366"
"大雪山230林道A","MB-C11-08","5","253300","2689534"
"大雪山230林道A","MB-C11-08","6","253377","2689290"
"230林道7K","MB-C11-09","1","253961","2688928"
"230林道7K","MB-C11-09","2","254161","2688852"
"230林道7K","MB-C11-09","3","254306","2688700"
"230林道7K","MB-C11-09","4","254516","2688533"
"230林道7K","MB-C11-09","5","254633","2688703"
"230林道7K","MB-C11-09","6","254810","2688885"
"台8線92k","MB-C10-04","1","276993","2678550"
"台8線92k","MB-C10-04","2","277211","2679073"
"台8線92k","MB-C10-04","3","277197","2679454"
"台8線92k","MB-C10-04","4","276905","2680042"
"台8線92k","MB-C10-04","5","276776","2680441"
"台8線92k","MB-C10-04","6","276825","2680906"
"望洋山（翠峰山莊）","MB-A01-09","1","311498","2711766"
"望洋山（翠峰山莊）","MB-A01-09","2","311686","2711684"
"望洋山（翠峰山莊）","MB-A01-09","3","311845","2711542"
"望洋山（翠峰山莊）","MB-A01-09","4","312058","2711514"
"望洋山（翠峰山莊）","MB-A01-09","5","312016","2711278"
"望洋山（翠峰山莊）","MB-A01-09","6","312182","2711154"
"卡拉寶山","MB-G29-08","1","289179","2675386"
"卡拉寶山","MB-G29-08","2","289587","2675261"
"卡拉寶山","MB-G29-08","3","289884","2675386"
"卡拉寶山","MB-G29-08","4","289993","2675195"
"卡拉寶山","MB-G29-08","5","290696","2675197"
"卡拉寶山","MB-G29-08","6","290928","2675089"
"卡拉寶山","MB-G29-08","7","290299","2675088"
"卡拉寶山","MB-G29-08","8","289584","2674829"
"卡拉寶山","MB-G29-08","9","289025","2674479"
"卡拉寶山","MB-G29-08","10","288609","2674175"
"卡拉寶山","MB-G29-08","1","289204","2675381"
"花蓮縣關原","MB-G29-09","1","286766","2674971"
"花蓮縣關原","MB-G29-09","2","284954","2675887"
"花蓮縣關原","MB-G29-09","3","284774","2675601"
"花蓮縣關原","MB-G29-09","4","284402","2675787"
"花蓮縣關原","MB-G29-09","7","284098","2675712"
"花蓮縣關原","MB-G29-09","8","285145","2676070"
"花蓮縣關原","MB-G29-09","9","284761","2675509"
"大禹嶺","MB-G29-01","1","283109","2675631"
"大禹嶺","MB-G29-01","2","283187","2675314"
"大禹嶺","MB-G29-01","3","282820","2675147"
"大禹嶺","MB-G29-01","5","281935","2674997"
"大禹嶺","MB-G29-01","6","281466","2675077"
"大禹嶺","MB-G29-01","4","282296","2674969"
"磐石（瀧溪山）","MB-G28-13","1","289791","2657618"
"磐石（瀧溪山）","MB-G28-13","2","289612","2657702"
"磐石（瀧溪山）","MB-G28-13","3","289493","2657929"
"磐石（瀧溪山）","MB-G28-13","4","289318","2658103"
"磐石（瀧溪山）","MB-G28-13","5","289134","2658445"
"磐石（瀧溪山）","MB-G28-13","7","288886","2658874"
"磐石（瀧溪山）","MB-G28-13","6","288987","2658668"
"西林村（平林山）","MB-G30-14","6","291626","2635358"
"西林村（平林山）","MB-G30-14","5","291446","2635096"
"西林村（平林山）","MB-G30-14","4","291152","2634838"
"西林村（平林山）","MB-G30-14","3","291371","2634817"
"西林村（平林山）","MB-G30-14","2","291086","2634563"
"西林村（平林山）","MB-G30-14","1","290835","2634411"
"中平林道14K","MB-G27-07","8","277248","2590623"
"中平林道14K","MB-G27-07","7","277041","2590464"
"中平林道14K","MB-G27-07","6","276805","2590451"
"中平林道14K","MB-G27-07","5","276569","2590348"
"中平林道14K","MB-G27-07","4","276595","2590644"
"中平林道14K","MB-G27-07","3","276382","2590671"
"中平林道14K","MB-G27-07","2","276155","2590691"
"中平林道14K","MB-G27-07","1","275927","2590699"
"苳苳園西山","MB-G27-10","1","271073","2571734"
"苳苳園西山","MB-G27-10","2","271263","2571898"
"苳苳園西山","MB-G27-10","3","271331","2572164"
"苳苳園西山","MB-G27-10","4","271529","2572570"
"苳苳園西山","MB-G27-10","5","271679","2572843"
"苳苳園西山","MB-G27-10","6","271999","2572920"
"苳苳園西山","MB-G27-10","7","272219","2572973"
"南部橫貫公路 1687","MB-H33-16","1","253299","2567427"
"南部橫貫公路 1687","MB-H33-16","2","253040","2567430"
"南部橫貫公路 1687","MB-H33-16","3","252801","2567630"
"南部橫貫公路 1687","MB-H33-16","4","252406","2567696"
"南部橫貫公路 1687","MB-H33-16","5","252219","2567936"
"南部橫貫公路 1687","MB-H33-16","6","252018","2568232"
"錦屏林道","MB-H33-02","1","267297","2561001"
"錦屏林道","MB-H33-02","2","266859","2561210"
"錦屏林道","MB-H33-02","3","266547","2561558"
"錦屏林道","MB-H33-02","4","266365","2561772"
"錦屏林道","MB-H33-02","6","266838","2560892"
"錦屏林道","MB-H33-02","7","266571","2560848"
"錦屏林道","MB-H33-02","8","266328","2561053"
"錦屏林道","MB-H33-02","9","266005","2561022"
"錦屏林道","MB-H33-02","5","266594","2561223"
"台東縣大武山雙鬼湖利嘉林道","MB-H32-07","2","250852","2526047"
"台東縣大武山雙鬼湖利嘉林道","MB-H32-07","3","250676","2526082"
"台東縣大武山雙鬼湖利嘉林道","MB-H32-07","4","250461","2526191"
"台東縣大武山雙鬼湖利嘉林道","MB-H32-07","5","250222","2526277"
"台東縣大武山雙鬼湖利嘉林道","MB-H32-07","6","249955","2526349"
"台東縣大武山雙鬼湖利嘉林道","MB-H32-07","7","249550","2526543"
"金山段","MB-H31-12","6","246285","2505327"
"金山段","MB-H31-12","5","246087","2505445"
"金山段","MB-H31-12","4","245890","2505537"
"金山段","MB-H31-12","3","245694","2505704"
"金山段","MB-H31-12","2","245842","2505891"
"金山段","MB-H31-12","1","246007","2505747"
"金山段","MB-H31-12","7","246319","2505382"
"紅毛山（大坪）","MB-B06-11","1","248681","2713365"
"紅毛山（大坪）","MB-B06-11","2","249016","2713173"
"紅毛山（大坪）","MB-B06-11","3","249317","2712746"
"紅毛山（大坪）","MB-B06-11","4","248054","2712676"
"紅毛山（大坪）","MB-B06-11","5","248053","2712889"
"紅毛山（大坪）","MB-B06-11","6","248356","2713074"
"紅毛山（大坪）","MB-B06-11","7","249062","2713764"
"紅毛山（大坪）","MB-B06-11","8","249401","2713176"
"紅毛山（大坪）","MB-B06-11","9","249745","2713025"
"出雲山苗圃","MA-C11-10","15","239959","2680943"
"出雲山苗圃","MA-C11-10","13","239990","2680509"
"出雲山苗圃","MA-C11-10","17","240119","2679918"
"出雲山苗圃","MA-C11-10","18","240144","2679605"
"出雲山苗圃","MA-C11-10","12","239819","2680703"
"出雲山苗圃","MA-C11-10","10","239252","2680378"
"出雲山苗圃","MA-C11-10","5","239429","2679912"
"出雲山苗圃","MA-C11-10","16","239639","2680406"
"出雲山苗圃","MA-C11-10","10","239252","2680378"
"出雲山苗圃","MA-C11-10","12","239819","2680703"
"出雲山苗圃","MA-C11-10","13","239990","2680509"
"出雲山苗圃","MA-C11-10","15","239959","2680943"
"出雲山苗圃","MA-C11-10","16","239639","2680406"
"出雲山苗圃","MA-C11-10","17","240119","2679918"
"出雲山苗圃","MA-C11-10","18","240144","2679605"
"出雲山苗圃","MA-C11-10","5","239429","2679912"
"馬拉邦山","MB-B06-12","10","240557","2695765"
"馬拉邦山","MB-B06-12","11","240775","2695787"
"馬拉邦山","MB-B06-12","12","240984","2695801"
"馬拉邦山","MB-B06-12","7","240198","2695634"
"馬拉邦山","MB-B06-12","8","240400","2695607"
"馬拉邦山","MB-B06-12","9","240325","2695806"
"大雪山210林道B","MB-C11-11","1","247441","2682216"
"大雪山210林道B","MB-C11-11","2","247495","2682353"
"大雪山210林道B","MB-C11-11","3","247694","2682435"
"大雪山210林道B","MB-C11-11","4","247849","2682592"
"大雪山210林道B","MB-C11-11","6","248000","2683317"
"大雪山210林道B","MB-C11-11","7","248075","2683794"
"大雪山210林道B","MB-C11-11","9","248404","2684178"
"大雪山210林道B","MB-C11-11","10","248415","2684447"
"大雪山210林道B","MB-C11-11","8","248304","2683922"
"大雪山210林道B","MB-C11-11","5","247900","2683023"
"大雪山210林道B","MB-C11-11","10","248366","2684443"
"吹上山","MB-C10-14","7","269656","2682717"
"吹上山","MB-C10-14","1","269668","2682474"
"吹上山","MB-C10-14","2","269669","2682208"
"吹上山","MB-C10-14","3","269891","2682066"
"吹上山","MB-C10-14","4","269507","2682872"
"吹上山","MB-C10-14","5","269393","2683158"
"吹上山","MB-C10-14","6","269572","2683246"
"銀龍瀑布群","MB-D16-10","1","240653","2670892"
"銀龍瀑布群","MB-D16-10","3","240669","2671314"
"銀龍瀑布群","MB-D16-10","4","240630","2671510"
"銀龍瀑布群","MB-D16-10","5","240444","2671546"
"銀龍瀑布群","MB-D16-10","6","240321","2671402"
"銀龍瀑布群","MB-D16-10","2","240706","2671083"
"勢麗仙區119","MB-C13-02","1","249408","2669647"
"勢麗仙區119","MB-C13-02","2","249564","2669517"
"勢麗仙區119","MB-C13-02","3","249688","2669351"
"勢麗仙區119","MB-C13-02","4","249643","2669150"
"勢麗仙區119","MB-C13-02","5","249500","2669006"
"勢麗仙區119","MB-C13-02","6","249686","2668877"
"瑞岩溪水管路","MB-D17-01","1","270463","2667383"
"瑞岩溪水管路","MB-D17-01","2","270709","2667449"
"瑞岩溪水管路","MB-D17-01","3","270892","2667637"
"瑞岩溪水管路","MB-D17-01","6","271050","2667247"
"瑞岩溪水管路","MB-D17-01","4","271103","2667788"
"下加年端社","MB-D14-10","10","258964","2627947"
"下加年端社","MB-D14-10","9","258945","2627746"
"下加年端社","MB-D14-10","8","258749","2627730"
"下加年端社","MB-D14-10","5","258347","2627286"
"下加年端社","MB-D14-10","4","258205","2627447"
"下加年端社","MB-D14-10","3","258057","2627572"
"下加年端社","MB-D14-10","2","257861","2627620"
"下加年端社","MB-D14-10","1","257696","2627729"
"明湖水庫（高山巷）","MB-D15-01","4","235214","2639345"
"明湖水庫（高山巷）","MB-D15-01","5","235125","2639584"
"明湖水庫（高山巷）","MB-D15-01","6","234851","2639807"
"明湖水庫（高山巷）","MB-D15-01","7","234766","2640156"
"郡坑村（巒大林區守衛室）","MB-D15-09","1","238082","2628030"
"郡坑村（巒大林區守衛室）","MB-D15-09","2","238108","2628241"
"郡坑村（巒大林區守衛室）","MB-D15-09","3","238150","2628449"
"郡坑村（巒大林區守衛室）","MB-D15-09","4","238319","2628524"
"郡坑村（巒大林區守衛室）","MB-D15-09","5","238353","2628741"
"郡坑村（巒大林區守衛室）","MB-D15-09","6","238458","2628921"
"小笠原山","MB-E20-13","2","231570","2600230"
"小笠原山","MB-E20-13","6","231663","2599194"
"小笠原山","MB-E20-13","1","231396","2600454"
"小笠原山","MB-E20-13","3","231799","2600017"
"小笠原山","MB-E20-13","4","231607","2599715"
"小笠原山","MB-E20-13","5","231459","2599475"
"小笠原山","MB-E20-13","3","231702","2599898"
"小笠原山","MB-E20-13","4","231560","2599661"
"小笠原山","MB-E20-13","5","231454","2599418"
"巒大58林班","MB-D14-06","1","243294","2626909"
"巒大58林班","MB-D14-06","2","243444","2626778"
"巒大58林班","MB-D14-06","3","243567","2626620"
"巒大58林班","MB-D14-06","4","243706","2626476"
"巒大58林班","MB-D14-06","5","243836","2626324"
"巒大58林班","MB-D14-06","6","243918","2626141"
"巒大58林班","MB-D14-06","7","244053","2625994"
"巒大58林班","MB-D14-06","8","244225","2625891"
"巒大58林班","MB-D14-06","9","244302","2625706"
"巒大58林班","MB-D14-06","10","244392","2625528"
"靈岩十八洞","MB-E21-13","1","219654","2599458"
"靈岩十八洞","MB-E21-13","2","219557","2599264"
"靈岩十八洞","MB-E21-13","3","219385","2599136"
"靈岩十八洞","MB-E21-13","4","219348","2598920"
"靈岩十八洞","MB-E21-13","5","219291","2598703"
"靈岩十八洞","MB-E21-13","6","219197","2598506"
"森鐵41號隧道","MB-E21-12","5","225038","2598794"
"森鐵41號隧道","MB-E21-12","3","225252","2598785"
"森鐵41號隧道","MB-E21-12","4","225344","2598590"
"森鐵41號隧道","MB-E21-12","6","225415","2598394"
"森鐵41號隧道","MB-E21-12","2","225344","2598984"
"森鐵41號隧道","MB-E21-12","1","225569","2599012"
"森鐵41號隧道","MB-E21-12","7","225546","2598777"
"瑪雅","MB-F24-01","5","220392","2571984"
"瑪雅","MB-F24-01","6","221013","2571936"
"瑪雅","MB-F24-01","1","220113","2571676"
"瑪雅","MB-F24-01","2","220338","2571721"
"瑪雅","MB-F24-01","3","220562","2571657"
"瑪雅","MB-F24-01","4","220514","2571455"
"高雄縣南橫，天池","MB-E19-12","1","241359","2574477"
"高雄縣南橫，天池","MB-E19-12","3","241460","2574904"
"高雄縣南橫，天池","MB-E19-12","5","241541","2575095"
"高雄縣南橫，天池","MB-E19-12","6","241538","2575301"
"高雄縣南橫，天池","MB-E19-12","7","241646","2575480"
"高雄縣南橫，天池","MB-E19-12","8","241350","2574262"
"高雄縣南橫，檜谷","MB-E19-13","7","241585","2573181"
"高雄縣南橫，檜谷","MB-E19-13","1","241772","2573044"
"高雄縣南橫，檜谷","MB-E19-13","2","241803","2572812"
"高雄縣南橫，檜谷","MB-E19-13","3","241952","2572940"
"高雄縣南橫，檜谷","MB-E19-13","5","241910","2573333"
"高雄縣南橫，檜谷","MB-E19-13","6","242088","2573430"
"高雄縣南橫，檜谷","MB-E19-13","4","241974","2573143"
"小關山林道","MB-F23-12","1","224954","2558218"
"小關山林道","MB-F23-12","2","224986","2558432"
"小關山林道","MB-F23-12","3","225070","2558654"
"小關山林道","MB-F23-12","4","225207","2558804"
"小關山林道","MB-F23-12","5","225414","2558890"
"小關山林道","MB-F23-12","6","225608","2558963"
"大霸A","MC-B08-16","3","271560","2706805"
"大霸A","MC-B08-16","5","272108","2706731"
"大霸A","MC-B08-16","6","272313","2706616"
"小雪山雷達站","MC-C11-12","1","254794","2687527"
"小雪山雷達站","MC-C11-12","2","254655","2687698"
"小雪山雷達站","MC-C11-12","3","254445","2687713"
"小雪山雷達站","MC-C11-12","4","254247","2687633"
"小雪山雷達站","MC-C11-12","5","254034","2687685"
"小雪山雷達站","MC-C11-12","6","253829","2687739"
"大雪山230林道B","MC-C11-13","1","252581","2686293"
"大雪山230林道B","MC-C11-13","3","252491","2686502"
"大雪山230林道B","MC-C11-13","4","252661","2686755"
"大雪山230林道B","MC-C11-13","5","252645","2687028"
"大雪山230林道B","MC-C11-13","6","252516","2687185"
"大雪山230林道B","MC-C11-13","7","252376","2687345"
"大雪山230林道B","MC-C11-13","8","252628","2687480"
"大雪山230林道B","MC-C11-13","9","252965","2687718"
"大雪山230林道B","MC-C11-13","10","253106","2687853"
"羅區47林班(拳頭姆步道)","MA-A02-01","2","312110","2728110"
"羅區47林班(拳頭姆步道)","MA-A02-01","1","311893","2728075"
"羅區47林班(拳頭姆步道)","MA-A02-01","3","312233","2727904"
"羅區47林班(拳頭姆步道)","MA-A02-01","4","312154","2727646"
"羅區47林班(拳頭姆步道)","MA-A02-01","5","312241","2727442"
"羅區47林班(拳頭姆步道)","MA-A02-01","6","312535","2727353"
"羅區26林班(清水地熱區域)","MA-A02-02","1","312440","2725468"
"羅區26林班(清水地熱區域)","MA-A02-02","2","312730","2725080"
"羅區26林班(清水地熱區域)","MA-A02-02","3","312983","2724763"
"羅區26林班(清水地熱區域)","MA-A02-02","4","313119","2724513"
"羅區26林班(清水地熱區域)","MA-A02-02","5","313761","2724220"
"羅區26林班(清水地熱區域)","MA-A02-02","6","314467","2723449"
"羅區66林班","MA-A02-03","1","323970","2725497"
"羅區66林班","MA-A02-03","2","323862","2725328"
"羅區66林班","MA-A02-03","3","323749","2725152"
"羅區66林班","MA-A02-03","4","323647","2724992"
"羅區66林班","MA-A02-03","5","323455","2724938"
"羅區66林班","MA-A02-03","6","323348","2724770"
"羅區71-72林班","MA-A02-04","1","325487","2722228"
"羅區71-72林班","MA-A02-04","2","325641","2722361"
"羅區71-72林班","MA-A02-04","3","325705","2722550"
"羅區71-72林班","MA-A02-04","4","325812","2722719"
"羅區71-72林班","MA-A02-04","6","325947","2723092"
"羅區73-75，79-80林班","MA-A02-05","1","327929","2722894"
"羅區73-75，79-80林班","MA-A02-05","3","327934","2722527"
"羅區73-75，79-80林班","MA-A02-05","4","327853","2722338"
"羅區73-75，79-80林班","MA-A02-05","5","327665","2722406"
"羅區73-75，79-80林班","MA-A02-05","6","327468","2722366"
"羅區73-75，79-80林班","MA-A02-05","7","327222","2722275"
"羅區101林班","MA-A02-06","1","332556","2721662"
"羅區101林班","MA-A02-06","2","332426","2721510"
"羅區101林班","MA-A02-06","3","332410","2721311"
"羅區101林班","MA-A02-06","4","332303","2721139"
"羅區101林班","MA-A02-06","5","332163","2720996"
"羅區101林班","MA-A02-06","6","332219","2720804"
"金山磺溪頭","MA-A03-01","1","309725","2789023"
"金山磺溪頭","MA-A03-01","2","309426","2789107"
"金山磺溪頭","MA-A03-01","3","309227","2789199"
"金山磺溪頭","MA-A03-01","4","308853","2789020"
"金山磺溪頭","MA-A03-01","5","308664","2788904"
"金山磺溪頭","MA-A03-01","6","308576","2788745"
"金山磺溪頭","MA-A03-01","7","308563","2789142"
"北投紗帽山","MA-A03-02","1","305008","2782233"
"北投紗帽山","MA-A03-02","3","304459","2781988"
"北投紗帽山","MA-A03-02","4","304251","2781919"
"北投紗帽山","MA-A03-02","5","304018","2781757"
"北投紗帽山","MA-A03-02","6","304271","2782587"
"北投紗帽山","MA-A03-02","7","303192","2781927"
"北投紗帽山","MA-A03-02","8","304769","2782287"
"北投紗帽山","MA-A03-02","2","304763","2782194"
"北投紗帽山","MA-A03-02","8","304776","2782236"
"汐止四分尾山","MA-A03-03","1","318800","2770798"
"汐止四分尾山","MA-A03-03","2","318708","2770470"
"汐止四分尾山","MA-A03-03","3","318818","2770256"
"汐止四分尾山","MA-A03-03","4","318627","2769669"
"汐止四分尾山","MA-A03-03","5","318384","2769884"
"汐止四分尾山","MA-A03-03","6","318242","2770395"
"汐止四分尾山","MA-A03-03","7","317941","2770381"
"石碇小格頭","MA-A03-04","1","314549","2763275"
"石碇小格頭","MA-A03-04","2","314401","2763059"
"石碇小格頭","MA-A03-04","3","314006","2762675"
"石碇小格頭","MA-A03-04","4","313078","2762240"
"石碇小格頭","MA-A03-04","5","312633","2762515"
"石碇小格頭","MA-A03-04","6","312771","2761964"
"石碇小格頭","MA-A03-04","7","313048","2761719"
"新店十六分","MA-A03-05","1","310955","2759504"
"新店十六分","MA-A03-05","2","310743","2759703"
"新店十六分","MA-A03-05","3","311032","2759828"
"新店十六分","MA-A03-05","4","311161","2760302"
"新店十六分","MA-A03-05","5","310853","2760253"
"新店十六分","MA-A03-05","6","310608","2760182"
"新店十六分","MA-A03-05","7","310329","2760213"
"新店十六分","MA-A03-05","8","310131","2760033"
"坪林厚德崗坑","MA-A03-06","1","323506","2759501"
"坪林厚德崗坑","MA-A03-06","2","323843","2759376"
"坪林厚德崗坑","MA-A03-06","3","324096","2759413"
"坪林厚德崗坑","MA-A03-06","4","324334","2759365"
"坪林厚德崗坑","MA-A03-06","5","324419","2759139"
"坪林厚德崗坑","MA-A03-06","6","324324","2758808"
"坪林厚德崗坑","MA-A03-06","7","324743","2759084"
"坪林厚德崗坑","MA-A03-06","8","324871","2758820"
"宜30","MA-A04-01","1","320890","2744996"
"宜30","MA-A04-01","2","320721","2744832"
"宜30","MA-A04-01","3","320502","2744914"
"宜30","MA-A04-01","4","320404","2744680"
"宜30","MA-A04-01","5","320209","2744803"
"宜30","MA-A04-01","6","319965","2744906"
"宜40","MA-A04-02","1","317075","2738603"
"宜40","MA-A04-02","2","316847","2738686"
"宜40","MA-A04-02","3","316938","2738888"
"宜40","MA-A04-02","4","316942","2739124"
"宜40","MA-A04-02","5","316612","2738618"
"宜40","MA-A04-02","6","316378","2738782"
"宜40","MA-A04-02","1","317052","2738630"
"宜52","MA-A04-03","2","312975","2739141"
"宜52","MA-A04-03","3","312814","2738914"
"宜52","MA-A04-03","4","312605","2739001"
"宜52","MA-A04-03","5","312374","2739067"
"宜52","MA-A04-03","6","312075","2739120"
"宜52","MA-A04-03","1","313030","2738773"
"宜64","MA-A04-04","1","314761","2734510"
"宜64","MA-A04-04","3","314799","2734959"
"宜64","MA-A04-04","4","314693","2735113"
"宜64","MA-A04-04","5","314454","2735240"
"宜64","MA-A04-04","6","314256","2735145"
"宜64","MA-A04-04","5","314452","2735180"
"文41","MA-A04-05","1","328840","2752098"
"文41","MA-A04-05","2","329062","2752217"
"文41","MA-A04-05","3","329236","2752406"
"文41","MA-A04-05","4","329140","2752615"
"文41","MA-A04-05","5","329114","2752871"
"文41","MA-A04-05","6","329073","2753188"
"聖母登山步道","MA-A04-06","1","324293","2749041"
"聖母登山步道","MA-A04-06","2","324293","2749216"
"聖母登山步道","MA-A04-06","3","324283","2749402"
"聖母登山步道","MA-A04-06","5","324001","2749740"
"聖母登山步道","MA-A04-06","4","324059","2749560"
"聖母登山步道","MA-A04-06","6","323851","2749930"
"松羅步道","MA-A04-08","1","306807","2729197"
"松羅步道","MA-A04-08","2","306624","2729053"
"松羅步道","MA-A04-08","3","306392","2729067"
"松羅步道","MA-A04-08","4","306272","2729274"
"松羅步道","MA-A04-08","5","306046","2729291"
"松羅步道","MA-A04-08","6","305844","2729393"
"九寮溪步道","MA-A04-09","1","309163","2730781"
"九寮溪步道","MA-A04-09","2","309050","2730582"
"九寮溪步道","MA-A04-09","3","308844","2730657"
"九寮溪步道","MA-A04-09","4","308693","2730802"
"九寮溪步道","MA-A04-09","5","308451","2730837"
"九寮溪步道","MA-A04-09","6","308212","2730842"
"和區2林班","MA-A05-01","1","323585","2690286"
"和區2林班","MA-A05-01","2","323627","2690082"
"和區2林班","MA-A05-01","3","323424","2690063"
"和區2林班","MA-A05-01","4","323286","2689914"
"和區2林班","MA-A05-01","5","323090","2689863"
"和區2林班","MA-A05-01","6","322897","2689910"
"和區91林班","MA-A05-02","6","329014","2698519"
"和區91林班","MA-A05-02","5","329219","2698354"
"和區91林班","MA-A05-02","4","329358","2698179"
"和區91林班","MA-A05-02","3","329399","2697976"
"和區91林班","MA-A05-02","2","329467","2697792"
"和區91林班","MA-A05-02","1","329408","2697575"
"和區88林班","MA-A05-03","6","326197","2691499"
"和區88林班","MA-A05-03","5","326227","2691222"
"和區88林班","MA-A05-03","4","326452","2691346"
"和區88林班","MA-A05-03","3","326817","2691533"
"和區88林班","MA-A05-03","2","326986","2691626"
"和區88林班","MA-A05-03","1","327015","2691442"
"南區62林班","MA-A05-04","1","327471","2710951"
"南區62林班","MA-A05-04","3","327132","2711226"
"南區62林班","MA-A05-04","4","326964","2711071"
"南區62林班","MA-A05-04","6","326457","2711099"
"南區62林班","MA-A05-04","7","327680","2710978"
"1329區外保安林","MA-B06-01","1","236162","2705024"
"1329區外保安林","MA-B06-01","2","236113","2704801"
"1329區外保安林","MA-B06-01","3","236410","2704930"
"1329區外保安林","MA-B06-01","4","236560","2705111"
"1329區外保安林","MA-B06-01","5","236628","2705325"
"1329區外保安林","MA-B06-01","6","236358","2705227"
"1329區外保安林","MA-B06-01","4","236538","2705119"
"1329區外保安林","MA-B06-01","4","236523","2705151"
"大湖第71林班","MA-B06-02","5","230289","2697390"
"大湖第71林班","MA-B06-02","1","229542","2697666"
"大湖第71林班","MA-B06-02","2","229734","2697561"
"大湖第71林班","MA-B06-02","3","229939","2697487"
"大湖第71林班","MA-B06-02","4","230151","2697527"
"大湖第71林班","MA-B06-02","7","230435","2697048"
"大湖第71林班","MA-B06-02","1","229580","2697632"
"大湖第71林班","MA-B06-02","2","229775","2697540"
"大安溪第4林班","MA-B06-03","1","223344","2695794"
"大安溪第4林班","MA-B06-03","2","223307","2695594"
"大安溪第4林班","MA-B06-03","3","223275","2695401"
"大安溪第4林班","MA-B06-03","4","223248","2695180"
"大安溪第4林班","MA-B06-03","5","223214","2694994"
"大安溪第4林班","MA-B06-03","6","223181","2694796"
"大安溪第4林班","MA-B06-03","7","223526","2695392"
"大湖第38林班","MA-B06-04","1","247468","2706891"
"大湖第38林班","MA-B06-04","2","247586","2707065"
"大湖第38林班","MA-B06-04","3","247749","2707188"
"大湖第38林班","MA-B06-04","4","247954","2707192"
"大湖第38林班","MA-B06-04","5","248149","2707132"
"大湖第38林班","MA-B06-04","6","248895","2707323"
"鳴鳳古道","MA-B06-05","1","240449","2714824"
"鳴鳳古道","MA-B06-05","2","240326","2715010"
"鳴鳳古道","MA-B06-05","3","240286","2715228"
"鳴鳳古道","MA-B06-05","4","240378","2715429"
"鳴鳳古道","MA-B06-05","5","240515","2715602"
"鳴鳳古道","MA-B06-05","6","240735","2715604"
"南庄3林班","MA-B06-06","1","248510","2719162"
"南庄3林班","MA-B06-06","2","248657","2718890"
"南庄3林班","MA-B06-06","3","248926","2719410"
"南庄3林班","MA-B06-06","4","249233","2719249"
"南庄3林班","MA-B06-06","5","248927","2718933"
"南庄3林班","MA-B06-06","6","248858","2718629"
"南庄3林班","MA-B06-06","10","247887","2719695"
"南庄3林班","MA-B06-06","11","247823","2719385"
"南庄3林班","MA-B06-06","12","248237","2719247"
"南庄3林班","MA-B06-06","7","248610","2720184"
"南庄3林班","MA-B06-06","8","248363","2719991"
"南庄3林班","MA-B06-06","9","248135","2719784"
"東眼山林道前段(復興分站)","MA-B07-01","1","290754","2748299"
"東眼山林道前段(復興分站)","MA-B07-01","2","290999","2748248"
"東眼山林道前段(復興分站)","MA-B07-01","3","291098","2748068"
"東眼山林道前段(復興分站)","MA-B07-01","4","291293","2747928"
"東眼山林道前段(復興分站)","MA-B07-01","5","291461","2747725"
"東眼山林道前段(復興分站)","MA-B07-01","6","291156","2747550"
"洞口(復興分站)","MA-B07-02","1","285864","2738260"
"洞口(復興分站)","MA-B07-02","2","285619","2738269"
"洞口(復興分站)","MA-B07-02","3","285464","2738408"
"洞口(復興分站)","MA-B07-02","4","285297","2738536"
"洞口(復興分站)","MA-B07-02","5","285218","2738732"
"洞口(復興分站)","MA-B07-02","6","285232","2738937"
"高義橋(復興分站)","MA-B07-03","2","285537","2734470"
"高義橋(復興分站)","MA-B07-03","3","285688","2734279"
"高義橋(復興分站)","MA-B07-03","4","285889","2734247"
"高義橋(復興分站)","MA-B07-03","5","286094","2734190"
"高義橋(復興分站)","MA-B07-03","6","286308","2734190"
"高義橋(復興分站)","MA-B07-03","1","285313","2734431"
"奎輝二橋(復興分站)","MA-B07-04","1","282378","2743463"
"奎輝二橋(復興分站)","MA-B07-04","2","282180","2743371"
"奎輝二橋(復興分站)","MA-B07-04","3","281983","2743408"
"奎輝二橋(復興分站)","MA-B07-04","4","281765","2743454"
"奎輝二橋(復興分站)","MA-B07-04","5","281646","2743284"
"奎輝二橋(復興分站)","MA-B07-04","6","281547","2743473"
"義盛(復興分站)","MA-B07-05","1","287886","2743311"
"義盛(復興分站)","MA-B07-05","2","287530","2743518"
"義盛(復興分站)","MA-B07-05","3","288017","2743154"
"義盛(復興分站)","MA-B07-05","4","287658","2743655"
"義盛(復興分站)","MA-B07-05","5","287895","2743740"
"義盛(復興分站)","MA-B07-05","6","288175","2743565"
"義盛(復興分站)","MA-B07-05","1","287530","2743740"
"義盛(復興分站)","MA-B07-05","2","287530","2743539"
"義盛(復興分站)","MA-B07-05","3","287867","2743320"
"義盛(復興分站)","MA-B07-05","4","288016","2743179"
"義盛(復興分站)","MA-B07-05","6","288175","2742744"
"義盛(復興分站)","MA-B07-05","5","287999","2742983"
"大溪事業區42林班","MA-B07-06","1","291230","2729279"
"大溪事業區42林班","MA-B07-06","2","291194","2729010"
"大溪事業區42林班","MA-B07-06","3","291224","2728781"
"大溪事業區42林班","MA-B07-06","4","291203","2728477"
"大溪事業區42林班","MA-B07-06","5","291176","2728265"
"大溪事業區42林班","MA-B07-06","6","291146","2728048"
"大溪事業區43林班","MA-B07-07","1","291307","2727546"
"大溪事業區43林班","MA-B07-07","2","291491","2727438"
"大溪事業區43林班","MA-B07-07","3","291455","2727246"
"大溪事業區43林班","MA-B07-07","4","291737","2726941"
"大溪事業區43林班","MA-B07-07","5","291916","2726856"
"大溪事業區43林班","MA-B07-07","6","292025","2726694"
"哈盆越嶺古道","MA-B09-03","1","301960","2741069"
"哈盆越嶺古道","MA-B09-03","2","302107","2740975"
"哈盆越嶺古道","MA-B09-03","3","302256","2740863"
"哈盆越嶺古道","MA-B09-03","4","302413","2740741"
"哈盆越嶺古道","MA-B09-03","5","302578","2740628"
"哈盆越嶺古道","MA-B09-03","6","302786","2740658"
"哈盆越嶺古道","MA-B09-03","7","303011","2740695"
"1065區外保安林","MA-B09-04","1","302073","2753042"
"1065區外保安林","MA-B09-04","2","301943","2752890"
"1065區外保安林","MA-B09-04","3","301759","2752975"
"1065區外保安林","MA-B09-04","4","301625","2753126"
"1065區外保安林","MA-B09-04","5","301477","2752987"
"1065區外保安林","MA-B09-04","6","301518","2752786"
"22林班","MA-B09-05","1","304406","2753016"
"22林班","MA-B09-05","2","304131","2752796"
"22林班","MA-B09-05","3","304021","2752588"
"22林班","MA-B09-05","5","303392","2752104"
"22林班","MA-B09-05","4","303593","2752233"
"22林班","MA-B09-05","6","303141","2752143"
"22林班","MA-B09-05","7","303798","2752433"
"24林班(平廣段12地號)","MA-B09-06","1","299788","2752724"
"24林班(平廣段12地號)","MA-B09-06","2","299991","2752601"
"24林班(平廣段12地號)","MA-B09-06","3","300435","2752766"
"24林班(平廣段12地號)","MA-B09-06","4","300633","2752900"
"24林班(平廣段12地號)","MA-B09-06","5","300820","2753045"
"24林班(平廣段12地號)","MA-B09-06","6","300965","2753234"
"大寮（26.27林班）","MA-B09-08","6","296558","2756049"
"大寮（26.27林班）","MA-B09-08","3","298293","2756344"
"大寮（26.27林班）","MA-B09-08","1","298314","2755872"
"大寮（26.27林班）","MA-B09-08","4","298179","2756558"
"大寮（26.27林班）","MA-B09-08","2","298435","2756164"
"大寮（26.27林班）","MA-B09-08","5","296743","2756067"
"竹崙（28-30林班）","MA-B09-09","1","293691","2754927"
"竹崙（28-30林班）","MA-B09-09","2","293647","2755127"
"竹崙（28-30林班）","MA-B09-09","3","293818","2755318"
"竹崙（28-30林班）","MA-B09-09","5","294262","2755263"
"竹崙（28-30林班）","MA-B09-09","6","294200","2755064"
"竹崙（28-30林班）","MA-B09-09","4","294118","2755413"
"竹崙（28-30林班）","MA-B09-09","1","293560","2754916"
"插角（31林班）","MA-B09-10","1","291331","2751517"
"插角（31林班）","MA-B09-10","3","291585","2751658"
"插角（31林班）","MA-B09-10","4","291800","2751843"
"插角（31林班）","MA-B09-10","5","291952","2752168"
"插角（31林班）","MA-B09-10","6","292210","2752158"
"插角（31林班）","MA-B09-10","7","292590","2752008"
"有木（32林班）","MA-B09-11","2","296990","2749654"
"有木（32林班）","MA-B09-11","4","297061","2750043"
"有木（32林班）","MA-B09-11","1","296814","2749540"
"有木（32林班）","MA-B09-11","3","297165","2749819"
"有木（32林班）","MA-B09-11","5","297146","2750322"
"有木（32林班）","MA-B09-11","6","297186","2750590"
"東眼(38林班)","MA-B09-13","6","293031","2750310"
"東眼(38林班)","MA-B09-13","5","291490","2750606"
"東眼(38林班)","MA-B09-13","2","289418","2749049"
"東眼(38林班)","MA-B09-13","3","289872","2749274"
"東眼(38林班)","MA-B09-13","1","289775","2748912"
"東眼(38林班)","MA-B09-13","4","291687","2751012"
"五寮（40林班）","MA-B09-14","1","287104","2749754"
"五寮（40林班）","MA-B09-14","2","287417","2749501"
"五寮（40林班）","MA-B09-14","4","287708","2749965"
"五寮（40林班）","MA-B09-14","6","287825","2750284"
"五寮（40林班）","MA-B09-14","7","288003","2750108"
"五寮（40林班）","MA-B09-14","8","288237","2749823"
"三叉坑","MA-C11-03","1","238478","2685034"
"三叉坑","MA-C11-03","2","238728","2685217"
"三叉坑","MA-C11-03","3","239180","2684617"
"三叉坑","MA-C11-03","4","238770","2684915"
"三叉坑","MA-C11-03","5","238747","2684700"
"三叉坑","MA-C11-03","6","238761","2684458"
"穿棟林道","MA-C11-06","1","240280","2682626"
"穿棟林道","MA-C11-06","2","240496","2682606"
"穿棟林道","MA-C11-06","3","240695","2682695"
"穿棟林道","MA-C11-06","4","240881","2682832"
"穿棟林道","MA-C11-06","5","240835","2683056"
"穿棟林道","MA-C11-06","6","241008","2683214"
"大坑","MA-C12-01","1","229516","2676735"
"大坑","MA-C12-01","2","229395","2676501"
"大坑","MA-C12-01","3","229267","2676300"
"大坑","MA-C12-01","4","229260","2675978"
"大坑","MA-C12-01","5","229242","2675530"
"大坑","MA-C12-01","6","228640","2674869"
"安區128、129林班","MA-C12-04","1","242983","2687638"
"安區128、129林班","MA-C12-04","2","243194","2687523"
"安區128、129林班","MA-C12-04","3","243293","2687291"
"安區128、129林班","MA-C12-04","4","243487","2687150"
"安區128、129林班","MA-C12-04","5","243661","2686976"
"安區128、129林班","MA-C12-04","6","243892","2686889"
"安區129、130林班","MA-C12-05","1","241150","2687520"
"安區129、130林班","MA-C12-05","2","241358","2687640"
"安區129、130林班","MA-C12-05","6","242233","2687875"
"安區129、130林班","MA-C12-05","5","242000","2687950"
"安區129、130林班","MA-C12-05","4","241767","2687926"
"安區129、130林班","MA-C12-05","3","241550","2687800"
"安區130、131林班","MA-C12-06","1","241045","2685746"
"安區130、131林班","MA-C12-06","2","241266","2685624"
"安區130、131林班","MA-C12-06","3","241462","2685454"
"安區130、131林班","MA-C12-06","4","241663","2685283"
"安區130、131林班","MA-C12-06","5","241924","2685325"
"安區130、131林班","MA-C12-06","6","242007","2685082"
"安區118、119林班","MA-C12-07","5","245055","2686459"
"安區118、119林班","MA-C12-07","4","245098","2686834"
"安區118、119林班","MA-C12-07","1","245293","2687347"
"安區118、119林班","MA-C12-07","2","245015","2687257"
"安區118、119林班","MA-C12-07","6","244536","2687127"
"安區118、119林班","MA-C12-07","3","244770","2687163"
"安區115林班","MA-C12-09","1","243475","2691978"
"安區115林班","MA-C12-09","2","243673","2691920"
"安區115林班","MA-C12-09","3","243875","2691886"
"安區115林班","MA-C12-09","4","244014","2691735"
"安區115林班","MA-C12-09","5","244128","2691565"
"安區115林班","MA-C12-09","6","244241","2691396"
"水底寮","MA-C12-12","1","230672","2670818"
"水底寮","MA-C12-12","2","230884","2670851"
"水底寮","MA-C12-12","3","231089","2670866"
"水底寮","MA-C12-12","4","231289","2670888"
"水底寮","MA-C12-12","5","231400","2671061"
"勢麗仙區111","MA-C13-04","1","248227","2674700"
"勢麗仙區111","MA-C13-04","2","248457","2674816"
"勢麗仙區111","MA-C13-04","3","248522","2675049"
"勢麗仙區111","MA-C13-04","4","248609","2675270"
"勢麗仙區111","MA-C13-04","5","248826","2675337"
"勢麗仙區111","MA-C13-04","6","249048","2675352"
"勢麗仙區111","MA-C13-04","4","248648","2675306"
"勢麗仙區43","MA-C13-05","1","244100","2673848"
"勢麗仙區43","MA-C13-05","2","243777","2674187"
"勢麗仙區43","MA-C13-05","3","244286","2674010"
"勢麗仙區43","MA-C13-05","4","244028","2674174"
"勢麗仙區43","MA-C13-05","5","244235","2674226"
"勢麗仙區43","MA-C13-05","6","244390","2674419"
"勢麗仙區116","MA-C13-06","1","245442","2673223"
"勢麗仙區116","MA-C13-06","2","245681","2673203"
"勢麗仙區116","MA-C13-06","3","245721","2672959"
"勢麗仙區116","MA-C13-06","4","245764","2672720"
"勢麗仙區116","MA-C13-06","5","245785","2672508"
"勢麗仙區116","MA-C13-06","6","245963","2672351"
"勢麗仙區24","MA-C13-07","1","241654","2675867"
"勢麗仙區24","MA-C13-07","2","241667","2676103"
"勢麗仙區24","MA-C13-07","3","241823","2676268"
"勢麗仙區24","MA-C13-07","4","241927","2676518"
"勢麗仙區24","MA-C13-07","5","241562","2676425"
"勢麗仙區24","MA-C13-07","6","241347","2676351"
"勢麗仙區41","MA-C13-08","1","244001","2675871"
"勢麗仙區41","MA-C13-08","2","244209","2675870"
"勢麗仙區41","MA-C13-08","3","244375","2676029"
"勢麗仙區41","MA-C13-08","4","244421","2676272"
"勢麗仙區41","MA-C13-08","5","244675","2676109"
"勢麗仙區41","MA-C13-08","6","245024","2676403"
"勢麗仙區125","MA-C13-09","1","241863","2675479"
"勢麗仙區125","MA-C13-09","2","241657","2675437"
"勢麗仙區125","MA-C13-09","3","241417","2675342"
"勢麗仙區125","MA-C13-09","4","241182","2674803"
"勢麗仙區125","MA-C13-09","5","241065","2674323"
"勢麗仙區125","MA-C13-09","6","240959","2673893"
"勢麗仙區31","MA-C13-12","1","242963","2675282"
"勢麗仙區31","MA-C13-12","2","243200","2675425"
"勢麗仙區31","MA-C13-12","3","243401","2675491"
"勢麗仙區31","MA-C13-12","4","243708","2675843"
"勢麗仙區31","MA-C13-12","5","243896","2676070"
"勢麗仙區31","MA-C13-12","6","244099","2676385"
"孫海橋","MA-D14-01","1","250293","2631198"
"孫海橋","MA-D14-01","2","250493","2631204"
"孫海橋","MA-D14-01","3","250673","2631272"
"孫海橋","MA-D14-01","4","250860","2631367"
"孫海橋","MA-D14-01","5","251050","2631404"
"孫海橋","MA-D14-01","6","251255","2631353"
"孫海橋","MA-D14-01","8","251640","2631350"
"孫海橋","MA-D14-01","9","251784","2631222"
"孫海橋","MA-D14-01","10","251987","2631192"
"巒大25林班","MA-D14-07","5","241208","2635434"
"巒大25林班","MA-D14-07","4","241333","2635588"
"巒大25林班","MA-D14-07","3","241351","2635785"
"巒大25林班","MA-D14-07","2","241438","2635993"
"巒大25林班","MA-D14-07","6","241300","2635253"
"巒大25林班","MA-D14-07","7","241394","2635077"
"巒大25林班","MA-D14-07","8","241371","2634879"
"巒大25林班","MA-D14-07","9","241258","2634710"
"巒大25林班","MA-D14-07","10","241348","2634528"
"巒大61林班","MA-D14-09","1","239699","2629121"
"巒大61林班","MA-D14-09","2","239706","2628921"
"巒大61林班","MA-D14-09","5","239606","2628337"
"巒大61林班","MA-D14-09","6","239598","2628147"
"巒大61林班","MA-D14-09","7","239700","2627966"
"巒大61林班","MA-D14-09","9","239785","2627598"
"巒大61林班","MA-D14-09","10","239920","2627450"
"巒大8林班","MA-D15-02","2","235808","2643341"
"巒大8林班","MA-D15-02","3","235516","2643343"
"巒大8林班","MA-D15-02","4","235398","2643540"
"巒大8林班","MA-D15-02","5","235173","2643390"
"巒大8林班","MA-D15-02","6","234996","2643281"
"白不仔溪橋","MA-D15-05","1","234274","2621294"
"白不仔溪橋","MA-D15-05","2","234301","2621614"
"白不仔溪橋","MA-D15-05","3","234272","2621875"
"白不仔溪橋","MA-D15-05","4","234260","2622182"
"白不仔溪橋","MA-D15-05","5","234174","2622433"
"白不仔溪橋","MA-D15-05","6","234085","2622678"
"菩提寺","MA-D16-01","1","232925","2658528"
"菩提寺","MA-D16-01","2","232731","2658534"
"菩提寺","MA-D16-01","4","232481","2658713"
"菩提寺","MA-D16-01","5","232453","2658912"
"菩提寺","MA-D16-01","6","232246","2658936"
"仙女瀑布","MA-D16-02","1","231167","2668462"
"仙女瀑布","MA-D16-02","2","231424","2668509"
"仙女瀑布","MA-D16-02","3","231609","2668680"
"仙女瀑布","MA-D16-02","4","231713","2668891"
"仙女瀑布","MA-D16-02","5","231054","2668823"
"仙女瀑布","MA-D16-02","6","230889","2669011"
"牽牛坑","MA-D16-03","6","229514","2660056"
"牽牛坑","MA-D16-03","5","229672","2660205"
"牽牛坑","MA-D16-03","4","229879","2660276"
"牽牛坑","MA-D16-03","3","230072","2660347"
"牽牛坑","MA-D16-03","2","230287","2660473"
"牽牛坑","MA-D16-03","1","230228","2660230"
"埔里13、14林班","MA-D16-04","6","226593","2654727"
"埔里13、14林班","MA-D16-04","5","226279","2654851"
"埔里13、14林班","MA-D16-04","1","226945","2654901"
"埔里13、14林班","MA-D16-04","2","226934","2654490"
"埔里13、14林班","MA-D16-04","3","227428","2654219"
"埔里13、14林班","MA-D16-04","4","227102","2654015"
"國姓大石村","MA-D16-05","1","236222","2654533"
"國姓大石村","MA-D16-05","2","236020","2654535"
"國姓大石村","MA-D16-05","3","235654","2654709"
"國姓大石村","MA-D16-05","4","235894","2654877"
"國姓大石村","MA-D16-05","5","235951","2655069"
"國姓大石村","MA-D16-05","6","236160","2655124"
"國姓埔源","MA-D16-06","1","240483","2661889"
"國姓埔源","MA-D16-06","2","240406","2662076"
"國姓埔源","MA-D16-06","6","240754","2662256"
"國姓埔源","MA-D16-06","3","240262","2661930"
"國姓埔源","MA-D16-06","4","240129","2662137"
"國姓埔源","MA-D16-06","5","240496","2662250"
"阿冷坑林道6K","MA-D16-07","1","243579","2664807"
"阿冷坑林道6K","MA-D16-07","2","243446","2664634"
"阿冷坑林道6K","MA-D16-07","3","243361","2664436"
"阿冷坑林道6K","MA-D16-07","4","243758","2664858"
"阿冷坑林道6K","MA-D16-07","5","243953","2665031"
"阿冷坑林道6K","MA-D16-07","6","244249","2665126"
"草屯雙冬","MA-D16-09","1","228788","2652799"
"草屯雙冬","MA-D16-09","2","228669","2652635"
"草屯雙冬","MA-D16-09","3","228677","2652433"
"草屯雙冬","MA-D16-09","4","228196","2651707"
"草屯雙冬","MA-D16-09","5","228513","2652071"
"草屯雙冬","MA-D16-09","6","228438","2651881"
"武界水庫","MA-D17-05","1","256007","2645339"
"武界水庫","MA-D17-05","2","256572","2645710"
"武界水庫","MA-D17-05","3","256727","2645956"
"武界水庫","MA-D17-05","4","256955","2646328"
"武界水庫","MA-D17-05","5","257244","2646461"
"武界水庫","MA-D17-05","6","257463","2646491"
"阿里山61林班","MA-D18-01","1","214300","2627552"
"阿里山61林班","MA-D18-01","2","214101","2627378"
"阿里山61林班","MA-D18-01","3","213988","2627134"
"阿里山61林班","MA-D18-01","4","214235","2627171"
"阿里山61林班","MA-D18-01","5","214170","2627959"
"阿里山61林班","MA-D18-01","6","214039","2626612"
"阿里山63林班林北大坑","MA-D18-02","1","211852","2628845"
"阿里山63林班林北大坑","MA-D18-02","2","212011","2628614"
"阿里山63林班林北大坑","MA-D18-02","3","212161","2628487"
"阿里山63林班林北大坑","MA-D18-02","4","212347","2628235"
"阿里山63林班林北大坑","MA-D18-02","5","212474","2628080"
"阿里山63林班林北大坑","MA-D18-02","6","212706","2627995"
"湖山水庫","MA-D18-03","1","211442","2620777"
"湖山水庫","MA-D18-03","2","211215","2620855"
"湖山水庫","MA-D18-03","3","210926","2620856"
"湖山水庫","MA-D18-03","4","211117","2620603"
"湖山水庫","MA-D18-03","5","211246","2620429"
"湖山水庫","MA-D18-03","6","211266","2620179"
"勞水坑","MA-D18-04","1","216710","2616264"
"勞水坑","MA-D18-04","2","216506","2616212"
"勞水坑","MA-D18-04","3","216284","2616262"
"勞水坑","MA-D18-04","4","216099","2616372"
"勞水坑","MA-D18-04","5","215979","2616541"
"勞水坑","MA-D18-04","6","215778","2616463"
"鹿谷(石馬公園)","MA-D18-05","2","225697","2625432"
"鹿谷(石馬公園)","MA-D18-05","3","225884","2625255"
"鹿谷(石馬公園)","MA-D18-05","4","226032","2625023"
"鹿谷(石馬公園)","MA-D18-05","5","225804","2624957"
"鹿谷(石馬公園)","MA-D18-05","6","225470","2624947"
"豐柏步道","MA-D18-07","1","211295","2635546"
"豐柏步道","MA-D18-07","2","211539","2635575"
"豐柏步道","MA-D18-07","3","211702","2635710"
"豐柏步道","MA-D18-07","4","211901","2635770"
"豐柏步道","MA-D18-07","5","212053","2635946"
"豐柏步道","MA-D18-07","6","212178","2636125"
"田中森林公園","MA-D18-08","1","210374","2639128"
"田中森林公園","MA-D18-08","2","210421","2639350"
"田中森林公園","MA-D18-08","3","210383","2639526"
"田中森林公園","MA-D18-08","4","210320","2639708"
"田中森林公園","MA-D18-08","5","210344","2639928"
"田中森林公園","MA-D18-08","6","210359","2640131"
"清水岩","MA-D18-09","1","210759","2642298"
"清水岩","MA-D18-09","2","211024","2642123"
"清水岩","MA-D18-09","3","211300","2642073"
"清水岩","MA-D18-09","4","210679","2641936"
"清水岩","MA-D18-09","5","210640","2641713"
"清水岩","MA-D18-09","6","210586","2641446"
"草嶺","MA-D18-10","1","217883","2611122"
"草嶺","MA-D18-10","2","218006","2611643"
"草嶺","MA-D18-10","3","218019","2610961"
"草嶺","MA-D18-10","4","218215","2610908"
"草嶺","MA-D18-10","5","218335","2610579"
"草嶺","MA-D18-10","6","218257","2610376"
"石屋","MA-E19-01","1","200663","2551468"
"石屋","MA-E19-01","2","200886","2551429"
"石屋","MA-E19-01","4","201286","2551419"
"石屋","MA-E19-01","5","201733","2551294"
"平坑","MA-E19-02","1","211306","2565566"
"平坑","MA-E19-02","2","211475","2565628"
"平坑","MA-E19-02","3","211669","2565613"
"平坑","MA-E19-02","4","211862","2565705"
"平坑","MA-E19-02","5","211914","2565878"
"平坑","MA-E19-02","6","211056","2565978"
"鎮南宮","MA-E19-03","2","185335","2568994"
"鎮南宮","MA-E19-03","3","185519","2569079"
"鎮南宮","MA-E19-03","4","185700","2569175"
"鎮南宮","MA-E19-03","5","185732","2569379"
"鎮南宮","MA-E19-03","6","185800","2569576"
"觀日亭","MA-E19-04","1","189628","2544155"
"觀日亭","MA-E19-04","2","189535","2543971"
"觀日亭","MA-E19-04","3","189474","2543769"
"觀日亭","MA-E19-04","4","189480","2543566"
"觀日亭","MA-E19-04","5","189465","2543359"
"觀日亭","MA-E19-04","6","189414","2543165"
"大峽谷","MA-E19-05","1","192038","2542765"
"大峽谷","MA-E19-05","2","192305","2542814"
"大峽谷","MA-E19-05","4","192595","2542549"
"大峽谷","MA-E19-05","5","192764","2542425"
"大峽谷","MA-E19-05","6","192827","2542223"
"大峽谷","MA-E19-05","3","192481","2542723"
"馬斗欄","MA-E19-06","6","194145","2566354"
"馬斗欄","MA-E19-06","1","194786","2566724"
"馬斗欄","MA-E19-06","2","194676","2566537"
"馬斗欄","MA-E19-06","3","194520","2566409"
"馬斗欄","MA-E19-06","4","194363","2566257"
"馬斗欄","MA-E19-06","5","194318","2566492"
"玉井85林班","MA-E19-07","1","194847","2553240"
"玉井85林班","MA-E19-07","2","194874","2553036"
"玉井85林班","MA-E19-07","3","194888","2552828"
"玉井85林班","MA-E19-07","4","195071","2552739"
"玉井85林班","MA-E19-07","6","195323","2552412"
"玉井85林班","MA-E19-07","5","195218","2552594"
"玉井53林班","MA-E19-09","1","210885","2569541"
"玉井53林班","MA-E19-09","2","210912","2569746"
"玉井53林班","MA-E19-09","3","210870","2569951"
"玉井53林班","MA-E19-09","4","210688","2570071"
"玉井53林班","MA-E19-09","5","210641","2570273"
"玉井53林班","MA-E19-09","6","210847","2570261"
"楠西","MA-E19-10","1","201517","2566112"
"楠西","MA-E19-10","2","201717","2566040"
"楠西","MA-E19-10","3","201914","2566094"
"楠西","MA-E19-10","4","202132","2566128"
"楠西","MA-E19-10","5","202333","2566063"
"楠西","MA-E19-10","6","202507","2565936"
"玉山里","MA-E19-11","1","200809","2552287"
"玉山里","MA-E19-11","3","201149","2552314"
"玉山里","MA-E19-11","4","201333","2552395"
"玉山里","MA-E19-11","5","201536","2552402"
"公田","MA-E21-02","1","214551","2594571"
"公田","MA-E21-02","2","214380","2594708"
"公田","MA-E21-02","3","214222","2594865"
"公田","MA-E21-02","4","214771","2594434"
"公田","MA-E21-02","5","214951","2594391"
"公田","MA-E21-02","6","215113","2594552"
"蛟龍溪","MA-E21-04","2","224530","2607369"
"蛟龍溪","MA-E21-04","1","224371","2607211"
"蛟龍溪","MA-E21-04","3","224345","2606993"
"蛟龍溪","MA-E21-04","5","224722","2606830"
"蛟龍溪","MA-E21-04","6","224951","2606813"
"獨立山","MA-E21-09","3","209894","2604058"
"獨立山","MA-E21-09","5","209433","2604381"
"獨立山","MA-E21-09","6","209266","2604547"
"獨立山","MA-E21-09","2","209855","2604235"
"瑞里","MA-E21-10","1","215135","2603361"
"瑞里","MA-E21-10","2","215348","2603278"
"瑞里","MA-E21-10","3","214956","2603544"
"瑞里","MA-E21-10","4","215565","2603215"
"瑞里","MA-E21-10","5","215786","2603185"
"瑞里","MA-E21-10","6","215279","2603065"
"瑞峰","MA-E21-11","6","215889","2606823"
"瑞峰","MA-E21-11","1","215897","2607268"
"瑞峰","MA-E21-11","4","216340","2606904"
"瑞峰","MA-E21-11","5","216547","2606815"
"瑞峰","MA-E21-11","2","215952","2607056"
"瑞峰","MA-E21-11","3","216108","2606894"
"瑞峰","MA-E21-11","3","216108","2606818"
"天馬瀑布","MA-E22-02","1","209903","2585553"
"天馬瀑布","MA-E22-02","2","210041","2585749"
"天馬瀑布","MA-E22-02","3","210166","2585953"
"天馬瀑布","MA-E22-02","4","210313","2586129"
"天馬瀑布","MA-E22-02","5","210461","2586380"
"天馬瀑布","MA-E22-02","6","210296","2585749"
"隙頂國小草山分校","MA-E22-03","1","212964","2585464"
"隙頂國小草山分校","MA-E22-03","2","213515","2585418"
"隙頂國小草山分校","MA-E22-03","3","213192","2585241"
"隙頂國小草山分校","MA-E22-03","4","213131","2584979"
"隙頂國小草山分校","MA-E22-03","5","213199","2584752"
"隙頂國小草山分校","MA-E22-03","6","213229","2584509"
"山麻湖公車站","MA-E22-04","1","210662","2584198"
"山麻湖公車站","MA-E22-04","2","210706","2583965"
"山麻湖公車站","MA-E22-04","3","210607","2583754"
"山麻湖公車站","MA-E22-04","4","210645","2583519"
"山麻湖公車站","MA-E22-04","5","210854","2583357"
"山麻湖公車站","MA-E22-04","6","210646","2583194"
"蘆籐坪","MA-E22-05","1","212924","2582729"
"蘆籐坪","MA-E22-05","2","212674","2582757"
"蘆籐坪","MA-E22-05","3","212546","2582561"
"蘆籐坪","MA-E22-05","4","212453","2582326"
"蘆籐坪","MA-E22-05","5","212168","2582316"
"蘆籐坪","MA-E22-05","6","212005","2582422"
"大埔事業區39林班","MA-E22-06","1","204912","2581826"
"大埔事業區39林班","MA-E22-06","3","205195","2581540"
"大埔事業區39林班","MA-E22-06","4","205373","2581469"
"大埔事業區39林班","MA-E22-06","5","205007","2581636"
"大埔事業區39林班","MA-E22-06","6","205492","2581238"
"九恭崎腳","MA-E22-08","1","212469","2577494"
"九恭崎腳","MA-E22-08","2","212638","2577334"
"九恭崎腳","MA-E22-08","3","212847","2577225"
"九恭崎腳","MA-E22-08","4","213075","2577138"
"九恭崎腳","MA-E22-08","5","213293","2577052"
"九恭崎腳","MA-E22-08","6","213312","2576795"
"長枝坑溪","MA-E22-09","1","208779","2573891"
"長枝坑溪","MA-E22-09","2","209012","2573845"
"長枝坑溪","MA-E22-09","3","209186","2573693"
"長枝坑溪","MA-E22-09","4","209410","2573629"
"長枝坑溪","MA-E22-09","5","209558","2573452"
"長枝坑溪","MA-E22-09","6","209636","2573158"
"第三莊公車站","MA-E22-10","1","205603","2570405"
"第三莊公車站","MA-E22-10","2","205442","2570170"
"第三莊公車站","MA-E22-10","3","205591","2570025"
"第三莊公車站","MA-E22-10","4","205591","2569747"
"第三莊公車站","MA-E22-10","5","205856","2569633"
"第三莊公車站","MA-E22-10","6","206008","2569442"
"第三莊公車站","MA-E22-10","2","205493","2570204"
"第三莊公車站","MA-E22-10","3","205618","2569931"
"內英山","MA-F23-01","2","212794","2552118"
"內英山","MA-F23-01","1","212820","2552349"
"內英山","MA-F23-01","3","212800","2552543"
"內英山","MA-F23-01","4","212934","2552724"
"內英山","MA-F23-01","5","213084","2552905"
"內英山","MA-F23-01","6","213115","2553113"
"直瀨","MA-F23-02","1","215711","2552397"
"直瀨","MA-F23-02","2","215613","2552572"
"直瀨","MA-F23-02","3","215578","2552930"
"直瀨","MA-F23-02","4","215538","2553129"
"直瀨","MA-F23-02","5","215470","2553340"
"直瀨","MA-F23-02","6","215312","2553602"
"七坑溫泉","MA-F23-04","1","223169","2554819"
"七坑溫泉","MA-F23-04","2","223150","2554484"
"七坑溫泉","MA-F23-04","3","223044","2554659"
"七坑溫泉","MA-F23-04","4","222894","2554800"
"七坑溫泉","MA-F23-04","5","222706","2554904"
"七坑溫泉","MA-F23-04","6","222502","2554835"
"不老溫泉","MA-F23-05","1","218179","2552400"
"不老溫泉","MA-F23-05","2","218367","2552586"
"不老溫泉","MA-F23-05","3","218516","2552885"
"不老溫泉","MA-F23-05","4","218501","2553104"
"不老溫泉","MA-F23-05","5","218640","2553277"
"不老溫泉","MA-F23-05","6","218739","2553484"
"新開","MA-F23-06","1","216217","2549528"
"新開","MA-F23-06","2","216455","2549580"
"新開","MA-F23-06","3","216617","2549745"
"新開","MA-F23-06","4","216710","2549978"
"新開","MA-F23-06","5","216822","2550239"
"新開","MA-F23-06","6","216891","2550451"
"花果山","MA-F23-07","6","217233","2545324"
"花果山","MA-F23-07","5","217272","2545547"
"花果山","MA-F23-07","4","217393","2545737"
"花果山","MA-F23-07","3","217563","2545875"
"花果山","MA-F23-07","2","217791","2545986"
"花果山","MA-F23-07","1","217951","2546139"
"扇平林道","MA-F23-09","6","214591","2540817"
"扇平林道","MA-F23-09","5","214450","2540587"
"扇平林道","MA-F23-09","4","214508","2540328"
"扇平林道","MA-F23-09","3","214512","2540130"
"扇平林道","MA-F23-09","2","214576","2539932"
"扇平林道","MA-F23-09","1","215110","2539754"
"葫蘆谷","MA-F23-10","2","214200","2537813"
"葫蘆谷","MA-F23-10","3","214184","2537492"
"葫蘆谷","MA-F23-10","4","214243","2537069"
"葫蘆谷","MA-F23-10","5","214359","2536652"
"葫蘆谷","MA-F23-10","6","214349","2536247"
"十八羅漢山","MA-F23-11","1","213268","2538911"
"十八羅漢山","MA-F23-11","2","213245","2538676"
"十八羅漢山","MA-F23-11","3","213035","2538591"
"十八羅漢山","MA-F23-11","4","212882","2538394"
"十八羅漢山","MA-F23-11","5","212607","2538431"
"十八羅漢山","MA-F23-11","6","212361","2538281"
"31林班","MA-F24-02","1","209656","2552079"
"31林班","MA-F24-02","2","209852","2552194"
"31林班","MA-F24-02","3","210009","2552283"
"31林班","MA-F24-02","4","210206","2552193"
"31林班","MA-F24-02","5","210057","2552036"
"31林班","MA-F24-02","6","210023","2552570"
"34林班","MA-F24-03","1","207139","2549486"
"34林班","MA-F24-03","2","206983","2549613"
"34林班","MA-F24-03","3","207148","2549753"
"34林班","MA-F24-03","4","207019","2549995"
"34林班","MA-F24-03","5","207228","2549961"
"34林班","MA-F24-03","6","207393","2550083"
"47,49林班","MA-F24-04","1","209114","2538964"
"47,49林班","MA-F24-04","2","208990","2539299"
"47,49林班","MA-F24-04","3","209201","2538709"
"47,49林班","MA-F24-04","4","209158","2539162"
"47,49林班","MA-F24-04","5","209390","2539381"
"47,49林班","MA-F24-04","6","208806","2539162"
"鹿埔北","MA-F24-05","2","189745","2531608"
"鹿埔北","MA-F24-05","4","189602","2531924"
"鹿埔北","MA-F24-05","5","189514","2532154"
"鹿埔北","MA-F24-05","6","189657","2532323"
"旗尾","MA-F24-06","1","197806","2531465"
"旗尾","MA-F24-06","2","197879","2532187"
"旗尾","MA-F24-06","3","197986","2533189"
"旗尾","MA-F24-06","4","197990","2533409"
"旗尾","MA-F24-06","5","198252","2533446"
"旗尾","MA-F24-06","6","198410","2533583"
"旗尾","MA-F24-06","4","198041","2533404"
"3,4林班","MA-F24-07","1","206663","2552702"
"3,4林班","MA-F24-07","2","206557","2552961"
"3,4林班","MA-F24-07","3","206660","2553263"
"3,4林班","MA-F24-07","4","206424","2554094"
"3,4林班","MA-F24-07","5","206354","2553336"
"3,4林班","MA-F24-07","6","205804","2553172"
"46林班","MA-F24-08","3","207545","2537932"
"46林班","MA-F24-08","4","207754","2538437"
"46林班","MA-F24-08","6","207651","2538798"
"46林班","MA-F24-08","2","207507","2537641"
"46林班","MA-F24-08","1","207504","2537488"
"46林班","MA-F24-08","2","207551","2537684"
"113林班","MA-F24-09","1","188276","2522950"
"113林班","MA-F24-09","2","188090","2522769"
"113林班","MA-F24-09","4","187717","2522586"
"113林班","MA-F24-09","5","187463","2522457"
"113林班","MA-F24-09","6","187304","2522336"
"月光山","MA-F24-10","1","203175","2535811"
"月光山","MA-F24-10","2","203128","2536007"
"月光山","MA-F24-10","3","203048","2536205"
"月光山","MA-F24-10","4","202977","2536389"
"月光山","MA-F24-10","5","202877","2536584"
"月光山","MA-F24-10","6","202682","2536480"
"內門區東勢埔","MA-F24-11","1","195959","2537320"
"內門區東勢埔","MA-F24-11","2","196232","2537404"
"內門區東勢埔","MA-F24-11","3","196413","2537143"
"內門區東勢埔","MA-F24-11","4","196482","2536920"
"內門區東勢埔","MA-F24-11","5","196807","2537001"
"內門區東勢埔","MA-F24-11","6","196693","2537232"
"大津瀑布(慈津保宮)","MA-F25-01","1","213142","2527744"
"大津瀑布(慈津保宮)","MA-F25-01","2","213087","2528354"
"大津瀑布(慈津保宮)","MA-F25-01","3","213441","2528883"
"大津瀑布(慈津保宮)","MA-F25-01","4","213258","2528899"
"大津瀑布(慈津保宮)","MA-F25-01","5","213565","2529689"
"大津瀑布(慈津保宮)","MA-F25-01","6","213610","2530952"
"觀望山","MA-F25-02","1","219544","2518154"
"觀望山","MA-F25-02","2","219264","2518365"
"觀望山","MA-F25-02","3","219050","2518155"
"觀望山","MA-F25-02","4","219004","2518362"
"觀望山","MA-F25-02","5","218846","2518610"
"觀望山","MA-F25-02","6","218579","2518810"
"沙溪林道","MA-F25-03","1","216476","2524440"
"沙溪林道","MA-F25-03","2","216716","2524381"
"沙溪林道","MA-F25-03","3","216786","2524064"
"沙溪林道","MA-F25-03","4","216975","2524183"
"沙溪林道","MA-F25-03","5","216761","2524825"
"沙溪林道","MA-F25-03","6","217248","2525001"
"沙溪林道","MA-F25-03","7","217352","2525421"
"三地門園區","MA-F25-04","1","215277","2511711"
"三地門園區","MA-F25-04","2","215821","2511758"
"三地門園區","MA-F25-04","3","216087","2511617"
"三地門園區","MA-F25-04","4","216812","2511296"
"三地門園區","MA-F25-04","5","217219","2511011"
"三地門園區","MA-F25-04","6","217488","2510950"
"往佳暮","MA-F25-06","1","220729","2517906"
"往佳暮","MA-F25-06","2","220607","2518293"
"往佳暮","MA-F25-06","3","220364","2518580"
"往佳暮","MA-F25-06","4","220347","2518811"
"往佳暮","MA-F25-06","5","220563","2518802"
"往佳暮","MA-F25-06","6","220844","2518663"
"往佳暮","MA-F25-06","7","220916","2518409"
"往佳暮","MA-F25-06","8","220980","2518170"
"來義林道","MA-F25-07","8","217389","2491909"
"來義林道","MA-F25-07","4","216349","2490860"
"來義林道","MA-F25-07","2","216079","2490271"
"來義林道","MA-F25-07","1","216095","2489762"
"來義林道","MA-F25-07","3","216331","2490542"
"來義林道","MA-F25-07","5","217232","2491364"
"來義林道","MA-F25-07","6","217246","2490563"
"來義林道","MA-F25-07","7","217852","2491028"
"枋山溪管制站","MA-F25-08","7","223081","2463930"
"枋山溪管制站","MA-F25-08","6","222033","2463461"
"枋山溪管制站","MA-F25-08","5","221934","2463714"
"枋山溪管制站","MA-F25-08","4","222099","2463902"
"枋山溪管制站","MA-F25-08","3","222096","2464226"
"枋山溪管制站","MA-F25-08","2","221655","2464484"
"枋山溪管制站","MA-F25-08","1","221266","2464484"
"往潮39保留地","MA-F25-09","2","225162","2457079"
"往潮39保留地","MA-F25-09","3","224948","2457252"
"往潮39保留地","MA-F25-09","6","224713","2458434"
"往潮39保留地","MA-F25-09","1","225577","2457157"
"往潮39保留地","MA-F25-09","4","224985","2457439"
"往潮39保留地","MA-F25-09","5","224925","2458021"
"丹路","MA-F25-10","1","224069","2455630"
"丹路","MA-F25-10","2","223996","2455438"
"丹路","MA-F25-10","3","223954","2455205"
"丹路","MA-F25-10","4","223978","2454988"
"丹路","MA-F25-10","5","224157","2454934"
"丹路","MA-F25-10","6","224232","2454780"
"丹路","MA-F25-10","7","224221","2454538"
"丹路","MA-F25-10","10","224440","2455785"
"丹路","MA-F25-10","9","224207","2455864"
"竹坑","MA-F25-11","1","219938","2451262"
"竹坑","MA-F25-11","2","220124","2451071"
"竹坑","MA-F25-11","3","220264","2451197"
"竹坑","MA-F25-11","4","220471","2451197"
"竹坑","MA-F25-11","5","220683","2451266"
"竹坑","MA-F25-11","6","220884","2451394"
"竹坑","MA-F25-11","1","219939","2451127"
"竹坑","MA-F25-11","7","219471","2451054"
"壽卡往內文","MA-F25-12","1","230850","2460515"
"壽卡往內文","MA-F25-12","2","231331","2460630"
"壽卡往內文","MA-F25-12","3","232094","2460444"
"壽卡往內文","MA-F25-12","4","232402","2460522"
"壽卡往內文","MA-F25-12","5","232724","2460506"
"壽卡往內文","MA-F25-12","6","233269","2460609"
"往舊日本宿舍","MA-F25-13","2","216650","2500238"
"往舊日本宿舍","MA-F25-13","3","216325","2500287"
"往舊日本宿舍","MA-F25-13","4","215918","2500342"
"往舊日本宿舍","MA-F25-13","5","215661","2500642"
"往舊日本宿舍","MA-F25-13","6","215883","2500591"
"往舊日本宿舍","MA-F25-13","1","215967","2500115"
"墾丁苗圃","MA-F26-01","2","230136","2428382"
"墾丁苗圃","MA-F26-01","4","230310","2428807"
"墾丁苗圃","MA-F26-01","6","230083","2428768"
"墾丁苗圃","MA-F26-01","5","230038","2428568"
"墾丁苗圃","MA-F26-01","1","230183","2428173"
"墾丁苗圃","MA-F26-01","3","230269","2428597"
"恆春事業區第9林班","MA-F26-02","1","224635","2448656"
"恆春事業區第9林班","MA-F26-02","2","224580","2448880"
"恆春事業區第9林班","MA-F26-02","3","224564","2449317"
"恆春事業區第9林班","MA-F26-02","4","224640","2449592"
"恆春事業區第9林班","MA-F26-02","5","224594","2449828"
"恆春事業區第9林班","MA-F26-02","6","224509","2450158"
"59林班-九棚段","MA-F26-03","1","236268","2446528"
"59林班-九棚段","MA-F26-03","2","236446","2446650"
"59林班-九棚段","MA-F26-03","3","236634","2446637"
"59林班-九棚段","MA-F26-03","4","236795","2446762"
"59林班-九棚段","MA-F26-03","5","236831","2446961"
"59林班-九棚段","MA-F26-03","6","236923","2447136"
"國產局接管地射麻里段","MA-F26-04","1","230850","2440112"
"國產局接管地射麻里段","MA-F26-04","2","230628","2439888"
"國產局接管地射麻里段","MA-F26-04","3","230232","2438956"
"國產局接管地射麻里段","MA-F26-04","4","230234","2438654"
"國產局接管地射麻里段","MA-F26-04","5","230357","2438423"
"國產局接管地射麻里段","MA-F26-04","6","231173","2438674"
"恆春事業區第13林班","MA-F26-05","1","227277","2449661"
"恆春事業區第13林班","MA-F26-05","2","227249","2449916"
"恆春事業區第13林班","MA-F26-05","3","227176","2450113"
"恆春事業區第13林班","MA-F26-05","4","226947","2450151"
"恆春事業區第13林班","MA-F26-05","5","227027","2450378"
"恆春事業區第13林班","MA-F26-05","6","227213","2450483"
"恆春事業區第13林班","MA-F26-05","2","227279","2449996"
"恆春事業區第57林班","MA-F26-06","1","233585","2444850"
"恆春事業區第57林班","MA-F26-06","2","233581","2445124"
"恆春事業區第57林班","MA-F26-06","3","234466","2445230"
"恆春事業區第57林班","MA-F26-06","4","233839","2445032"
"恆春事業區第57林班","MA-F26-06","5","234054","2444950"
"恆春事業區第57林班","MA-F26-06","6","234218","2445024"
"恆春事業區第39林班","MA-F26-07","1","231500","2436708"
"恆春事業區第39林班","MA-F26-07","2","231137","2436350"
"恆春事業區第39林班","MA-F26-07","3","230514","2436578"
"恆春事業區第39林班","MA-F26-07","4","230163","2436797"
"恆春事業區第39林班","MA-F26-07","5","230238","2437049"
"恆春事業區第39林班","MA-F26-07","6","229913","2436920"
"恆春事業區第39林班","MA-F26-07","7","230962","2436043"
"恆春事業區第39林班","MA-F26-07","8","231014","2435415"
"恆春事業區第7林班","MA-F26-08","1","223625","2445642"
"恆春事業區第7林班","MA-F26-08","2","223658","2445942"
"恆春事業區第7林班","MA-F26-08","3","223725","2446175"
"恆春事業區第7林班","MA-F26-08","4","223812","2446416"
"恆春事業區第7林班","MA-F26-08","6","223936","2446845"
"恆春事業區第7林班","MA-F26-08","5","223836","2446665"
"恆春事業區第35林班","MA-F26-09","6","233266","2427785"
"恆春事業區第35林班","MA-F26-09","1","233461","2426866"
"恆春事業區第35林班","MA-F26-09","5","233351","2427565"
"恆春事業區第35林班","MA-F26-09","3","233101","2427100"
"恆春事業區第35林班","MA-F26-09","4","233206","2427292"
"宣化段、五里亭段","MA-F26-10","1","226283","2438213"
"宣化段、五里亭段","MA-F26-10","2","226203","2438507"
"宣化段、五里亭段","MA-F26-10","3","226127","2438915"
"宣化段、五里亭段","MA-F26-10","4","225570","2439017"
"宣化段、五里亭段","MA-F26-10","5","226142","2439563"
"宣化段、五里亭段","MA-F26-10","6","226217","2440194"
"鹿鳴","MA-G27-01","7","275874","2579536"
"鹿鳴","MA-G27-01","6","276224","2579526"
"鹿鳴","MA-G27-01","5","276331","2579327"
"鹿鳴","MA-G27-01","4","276139","2579194"
"鹿鳴","MA-G27-01","3","276075","2578997"
"鹿鳴","MA-G27-01","2","276188","2578721"
"鹿鳴","MA-G27-01","1","276365","2578824"
"酸柑","MA-G27-02","1","281270","2585187"
"酸柑","MA-G27-02","2","281404","2585007"
"酸柑","MA-G27-02","3","281602","2584660"
"酸柑","MA-G27-02","4","281607","2584879"
"酸柑","MA-G27-02","5","281794","2584620"
"酸柑","MA-G27-02","6","282112","2584563"
"三民","MA-G27-03","2","284577","2592226"
"三民","MA-G27-03","3","284440","2592030"
"三民","MA-G27-03","4","284470","2591788"
"三民","MA-G27-03","5","284516","2591501"
"三民","MA-G27-03","6","284782","2591557"
"三民","MA-G27-03","7","284841","2591195"
"三民","MA-G27-03","8","285058","2591765"
"樂合","MA-G27-04","1","288323","2579566"
"樂合","MA-G27-04","2","288134","2579656"
"樂合","MA-G27-04","3","287894","2579652"
"樂合","MA-G27-04","4","287537","2579746"
"樂合","MA-G27-04","5","287364","2579707"
"樂合","MA-G27-04","6","287158","2579725"
"樂合","MA-G27-04","7","286945","2579762"
"阿眉溪","MA-G27-05","1","284968","2571293"
"阿眉溪","MA-G27-05","2","284793","2571418"
"阿眉溪","MA-G27-05","3","284682","2571575"
"阿眉溪","MA-G27-05","4","284423","2571558"
"阿眉溪","MA-G27-05","6","284092","2571785"
"阿眉溪","MA-G27-05","7","283926","2571884"
"台23線","MA-G27-06","1","278904","2557004"
"台23線","MA-G27-06","2","279048","2557324"
"台23線","MA-G27-06","3","278881","2557509"
"台23線","MA-G27-06","4","278670","2557488"
"台23線","MA-G27-06","5","278589","2557700"
"長良","MA-G27-08","1","275292","2573355"
"長良","MA-G27-08","2","275202","2573111"
"長良","MA-G27-08","3","275006","2572931"
"長良","MA-G27-08","4","274863","2572728"
"長良","MA-G27-08","5","274756","2572449"
"長良","MA-G27-08","6","274641","2572222"
"長良","MA-G27-08","7","274359","2572105"
"長良","MA-G27-08","8","274091","2572002"
"木瓜山8林班","MA-G28-01","1","304541","2656454"
"木瓜山8林班","MA-G28-01","2","304782","2656336"
"木瓜山8林班","MA-G28-01","3","304985","2656305"
"木瓜山8林班","MA-G28-01","4","305202","2656132"
"木瓜山8林班","MA-G28-01","5","305413","2655891"
"木瓜山8林班","MA-G28-01","6","305562","2655557"
"北坑","MA-G28-02","2","306632","2631689"
"北坑","MA-G28-02","3","306891","2631725"
"北坑","MA-G28-02","4","306154","2631781"
"北坑","MA-G28-02","5","306444","2632054"
"北坑","MA-G28-02","6","306591","2631863"
"北坑","MA-G28-02","7","306408","2632274"
"南坑","MA-G28-03","1","304899","2629655"
"南坑","MA-G28-03","2","304979","2629880"
"南坑","MA-G28-03","3","304716","2629916"
"南坑","MA-G28-03","4","304474","2629968"
"南坑","MA-G28-03","5","304172","2630056"
"南坑","MA-G28-03","6","304073","2629910"
"南坑","MA-G28-03","1","304890","2629670"
"林田山144林班","MA-G28-04","7","309406","2643163"
"林田山144林班","MA-G28-04","1","309508","2643731"
"林田山144林班","MA-G28-04","2","309393","2643570"
"林田山144林班","MA-G28-04","3","309303","2643377"
"林田山144林班","MA-G28-04","4","309201","2643171"
"嶺頂路207","MA-G28-05","1","308278","2639984"
"嶺頂路207","MA-G28-05","2","308202","2639766"
"嶺頂路207","MA-G28-05","3","308132","2639544"
"嶺頂路207","MA-G28-05","4","307949","2639386"
"嶺頂路207","MA-G28-05","5","307864","2639248"
"嶺頂路207","MA-G28-05","6","307800","2639081"
"嶺頂路207","MA-G28-05","7","307638","2638763"
"月眉208卡箱","MA-G28-06","3","307182","2640201"
"月眉208卡箱","MA-G28-06","5","307077","2640031"
"月眉208卡箱","MA-G28-06","4","307294","2640021"
"月眉208卡箱","MA-G28-06","6","306837","2640233"
"月眉208卡箱","MA-G28-06","1","307295","2640471"
"月眉208卡箱","MA-G28-06","2","307472","2640408"
"月眉208卡箱","MA-G28-06","7","306633","2639786"
"米亞丸","MA-G28-07","1","300225","2644826"
"米亞丸","MA-G28-07","2","300062","2644688"
"米亞丸","MA-G28-07","3","299866","2644594"
"米亞丸","MA-G28-07","4","299631","2644582"
"米亞丸","MA-G28-07","5","299521","2644384"
"米亞丸","MA-G28-07","6","299364","2644212"
"三棧溪","MA-G29-02","2","310798","2667236"
"佳民村","MA-G29-03","1","309258","2659823"
"佳民村","MA-G29-03","2","309444","2660031"
"佳民村","MA-G29-03","3","309746","2660338"
"佳民村","MA-G29-03","4","309893","2660540"
"佳民村","MA-G29-03","5","309495","2660515"
"佳民村","MA-G29-03","6","309731","2660770"
"克寶山","MA-G29-05","1","325761","2688539"
"克寶山","MA-G29-05","2","325045","2688713"
"克寶山","MA-G29-05","3","324993","2688369"
"克寶山","MA-G29-05","4","324015","2689070"
"克寶山","MA-G29-05","5","324449","2688979"
"克寶山","MA-G29-05","6","323740","2688057"
"克寶山","MA-G29-05","7","326070","2687978"
"鳳林水源地61林班","MA-G30-02","3","293152","2627666"
"鳳林水源地61林班","MA-G30-02","2","293466","2627067"
"萬榮林道11k+500","MA-G30-03","1","287030","2624217"
"萬榮林道11k+500","MA-G30-03","2","287266","2624022"
"萬榮林道11k+500","MA-G30-03","3","287559","2623959"
"萬榮林道11k+500","MA-G30-03","4","287789","2623874"
"萬榮林道11k+500","MA-G30-03","5","287763","2623463"
"萬榮林道11k+500","MA-G30-03","6","287773","2623671"
"萬榮林道19k","MA-G30-04","1","285140","2627212"
"萬榮林道19k","MA-G30-04","2","285175","2627450"
"萬榮林道19k","MA-G30-04","3","285159","2627686"
"萬榮林道19k","MA-G30-04","4","285392","2627864"
"萬榮林道19k","MA-G30-04","5","285721","2627490"
"萬榮林道19k","MA-G30-04","6","286021","2627197"
"光復林道13k+400","MA-G30-06","6","287688","2618213"
"光復林道13k+400","MA-G30-06","5","288120","2618078"
"光復林道13k+400","MA-G30-06","4","287930","2618815"
"光復林道13k+400","MA-G30-06","3","288221","2618552"
"光復林道13k+400","MA-G30-06","2","288637","2618284"
"光復林道13k+400","MA-G30-06","1","288937","2618275"
"光豐公路8k+500","MA-G30-07","1","299615","2615951"
"光豐公路8k+500","MA-G30-07","2","299759","2615796"
"光豐公路8k+500","MA-G30-07","3","300289","2615885"
"光豐公路8k+500","MA-G30-07","4","300069","2615568"
"光豐公路8k+500","MA-G30-07","5","299879","2615335"
"光豐公路8k+500","MA-G30-07","6","299972","2614773"
"八里灣99林班","MA-G30-08","1","300758","2608541"
"八里灣99林班","MA-G30-08","2","300688","2608052"
"八里灣99林班","MA-G30-08","3","300424","2608068"
"八里灣99林班","MA-G30-08","4","300403","2607741"
"八里灣99林班","MA-G30-08","5","299969","2607647"
"八里灣99林班","MA-G30-08","6","299720","2607453"
"縣道193線山興","MA-G30-09","1","300600","2623645"
"縣道193線山興","MA-G30-09","2","300760","2623505"
"縣道193線山興","MA-G30-09","3","300516","2623200"
"縣道193線山興","MA-G30-09","4","300376","2622798"
"縣道193線山興","MA-G30-09","5","300034","2622033"
"縣道193線山興","MA-G30-09","6","300324","2622042"
"光豐公路5k+500","MA-G30-10","1","297343","2616626"
"光豐公路5k+500","MA-G30-10","2","297820","2616831"
"光豐公路5k+500","MA-G30-10","3","298063","2616636"
"光豐公路5k+500","MA-G30-10","4","297875","2616394"
"光豐公路5k+500","MA-G30-10","5","298180","2616455"
"光豐公路5k+500","MA-G30-10","6","298600","2616480"
"新社產業道路梳子壩","MA-G30-11","4","304299","2618013"
"新社產業道路梳子壩","MA-G30-11","2","304549","2617742"
"新社產業道路梳子壩","MA-G30-11","1","304532","2617986"
"新社產業道路梳子壩","MA-G30-11","3","304574","2617504"
"新社產業道路梳子壩","MA-G30-11","5","304696","2617330"
"新社產業道路梳子壩","MA-G30-11","6","304695","2616981"
"花46線18k+500","MA-G30-12","6","305575","2627106"
"花46線18k+500","MA-G30-12","5","305997","2627232"
"花46線18k+500","MA-G30-12","4","306349","2627558"
"花46線18k+500","MA-G30-12","3","306383","2627904"
"花46線18k+500","MA-G30-12","2","306623","2627607"
"花46線18k+500","MA-G30-12","1","306829","2627672"
"縣道193線50k草鼻","MA-G30-13","1","301491","2627706"
"縣道193線50k草鼻","MA-G30-13","2","301297","2627797"
"縣道193線50k草鼻","MA-G30-13","3","301081","2627714"
"縣道193線50k草鼻","MA-G30-13","4","301241","2628337"
"縣道193線50k草鼻","MA-G30-13","5","300894","2628168"
"縣道193線50k草鼻","MA-G30-13","6","300650","2627314"
"大武1林班麻林道","MA-H31-01","1","242992","2499021"
"大武1林班麻林道","MA-H31-01","2","243198","2498967"
"大武1林班麻林道","MA-H31-01","3","243389","2499059"
"大武1林班麻林道","MA-H31-01","4","243600","2499131"
"大武1林班麻林道","MA-H31-01","5","243694","2499313"
"大武1林班麻林道","MA-H31-01","6","243905","2499416"
"大武11林班富山產業道路","MA-H31-02","1","246678","2495342"
"大武11林班富山產業道路","MA-H31-02","2","246714","2495123"
"大武11林班富山產業道路","MA-H31-02","3","246689","2494909"
"大武11林班富山產業道路","MA-H31-02","4","246487","2494826"
"大武11林班富山產業道路","MA-H31-02","5","246579","2494644"
"大武11林班富山產業道路","MA-H31-02","6","246534","2494429"
"大武21林班金崙溪流域","MA-H31-03","1","240170","2490933"
"大武21林班金崙溪流域","MA-H31-03","6","239949","2490897"
"大武21林班金崙溪流域","MA-H31-03","5","239754","2490799"
"大武21林班金崙溪流域","MA-H31-03","4","239568","2490689"
"大武21林班金崙溪流域","MA-H31-03","3","239449","2490496"
"大武21林班金崙溪流域","MA-H31-03","2","239309","2490338"
"大武24林班大竹溪流域","MA-H31-04","6","236531","2482997"
"大武24林班大竹溪流域","MA-H31-04","5","236331","2482909"
"大武24林班大竹溪流域","MA-H31-04","4","236144","2482793"
"大武24林班大竹溪流域","MA-H31-04","3","235946","2482699"
"大武24林班大竹溪流域","MA-H31-04","2","235780","2482554"
"大武24林班大竹溪流域","MA-H31-04","1","235563","2482508"
"大武30林班","MA-H31-05","6","235280","2480172"
"大武30林班","MA-H31-05","5","235327","2480366"
"大武30林班","MA-H31-05","4","235501","2480514"
"大武30林班","MA-H31-05","3","235556","2480728"
"大武30林班","MA-H31-05","2","235772","2480755"
"大武30林班","MA-H31-05","1","235928","2480925"
"大武36林班","MA-H31-06","5","233969","2478559"
"大武36林班","MA-H31-06","6","234170","2478530"
"大武36林班","MA-H31-06","4","233760","2478629"
"大武36林班","MA-H31-06","3","233609","2478821"
"大武36林班","MA-H31-06","2","233564","2479032"
"大武36林班","MA-H31-06","1","233538","2478609"
"大武38林班浸水營步道中海拔處","MA-H31-08","1","232096","2475161"
"大武38林班浸水營步道中海拔處","MA-H31-08","2","232286","2475058"
"大武38林班浸水營步道中海拔處","MA-H31-08","3","232472","2474931"
"大武38林班浸水營步道中海拔處","MA-H31-08","4","232622","2475084"
"大武38林班浸水營步道中海拔處","MA-H31-08","5","232831","2475068"
"大武38林班浸水營步道中海拔處","MA-H31-08","6","233046","2475110"
"大武44林班加拉板溪","MA-H31-09","1","235473","2472717"
"大武44林班加拉板溪","MA-H31-09","2","235689","2472793"
"大武44林班加拉板溪","MA-H31-09","5","236197","2473170"
"大武44林班加拉板溪","MA-H31-09","6","236087","2473340"
"大武44林班加拉板溪","MA-H31-09","3","235854","2472950"
"大武44林班加拉板溪","MA-H31-09","4","236002","2473074"
"保安林2520","MA-H31-10","1","234931","2468724"
"保安林2520","MA-H31-10","2","235147","2468687"
"保安林2520","MA-H31-10","3","235352","2468618"
"保安林2520","MA-H31-10","4","235319","2468815"
"保安林2520","MA-H31-10","5","235316","2469021"
"保安林2520","MA-H31-10","6","235495","2468936"
"森永段","MA-H31-11","1","232745","2462013"
"森永段","MA-H31-11","2","232529","2461949"
"森永段","MA-H31-11","3","232389","2461797"
"森永段","MA-H31-11","4","232267","2461945"
"森永段","MA-H31-11","5","232182","2462131"
"森永段","MA-H31-11","6","232063","2462326"
"安朔段","MA-H31-13","1","232681","2468330"
"安朔段","MA-H31-13","2","232883","2468426"
"安朔段","MA-H31-13","3","233030","2468571"
"安朔段","MA-H31-13","4","233225","2468618"
"安朔段","MA-H31-13","5","233378","2468542"
"安朔段","MA-H31-13","6","233575","2468635"
"大武48林班","MA-H31-15","1","233671","2461757"
"大武48林班","MA-H31-15","2","233615","2461466"
"大武48林班","MA-H31-15","3","233440","2461341"
"大武48林班","MA-H31-15","4","233253","2461210"
"大武48林班","MA-H31-15","5","233338","2460950"
"大武48林班","MA-H31-15","6","233087","2460876"
"台東3林班","MA-H32-01","1","262285","2530908"
"台東3林班","MA-H32-01","3","262576","2530838"
"台東3林班","MA-H32-01","5","262578","2531125"
"台東3林班","MA-H32-01","6","262351","2531126"
"台東3林班","MA-H32-01","2","262388","2530714"
"台東3林班","MA-H32-01","4","262755","2530976"
"台東4林班","MA-H32-02","4","256266","2526874"
"台東4林班","MA-H32-02","3","256034","2526914"
"台東4林班","MA-H32-02","2","255819","2526998"
"台東4林班","MA-H32-02","6","256826","2526782"
"台東4林班","MA-H32-02","1","255550","2527003"
"台東4林班","MA-H32-02","5","256500","2526840"
"5號巡邏箱","MA-H32-03","1","261099","2523664"
"5號巡邏箱","MA-H32-03","2","261256","2523485"
"5號巡邏箱","MA-H32-03","3","261472","2523504"
"5號巡邏箱","MA-H32-03","4","261682","2523672"
"5號巡邏箱","MA-H32-03","5","261404","2524050"
"5號巡邏箱","MA-H32-03","6","262223","2523675"
"台東2林班","MA-H32-04","1","263322","2528302"
"台東2林班","MA-H32-04","2","263142","2528445"
"台東2林班","MA-H32-04","3","262921","2528466"
"台東2林班","MA-H32-04","4","262696","2528486"
"台東2林班","MA-H32-04","6","262253","2528560"
"台東2林班","MA-H32-04","5","262476","2528516"
"台東30林班","MA-H32-08","1","253547","2514079"
"台東30林班","MA-H32-08","2","254065","2515919"
"台東30林班","MA-H32-08","3","254235","2516046"
"台東30林班","MA-H32-08","4","254226","2515796"
"台東30林班","MA-H32-08","5","254394","2515670"
"台東30林班","MA-H32-08","6","254179","2515129"
"台東31林班知本林道","MA-H32-09","1","249312","2512127"
"台東31林班知本林道","MA-H32-09","2","249535","2512164"
"台東31林班知本林道","MA-H32-09","3","249726","2512003"
"台東31林班知本林道","MA-H32-09","4","249891","2511620"
"台東31林班知本林道","MA-H32-09","5","250257","2511245"
"台東31林班知本林道","MA-H32-09","6","250499","2511105"
"台東31林班知本林道","MA-H32-09","1","249278","2512166"
"台東31林班知本林道","MA-H32-09","7","250832","2510961"
"台東31林班知本林道","MA-H32-09","8","251584","2510974"
"月娘坡","MA-H32-10","1","251962","2509905"
"月娘坡","MA-H32-10","2","251783","2510051"
"月娘坡","MA-H32-10","3","251737","2509743"
"月娘坡","MA-H32-10","4","252672","2510434"
"月娘坡","MA-H32-10","5","253229","2509450"
"月娘坡","MA-H32-10","6","253131","2510239"
"19號巡邏箱","MA-H32-11","1","248324","2505877"
"19號巡邏箱","MA-H32-11","2","248480","2505709"
"19號巡邏箱","MA-H32-11","3","248468","2505386"
"19號巡邏箱","MA-H32-11","4","248633","2505547"
"19號巡邏箱","MA-H32-11","5","248644","2505251"
"19號巡邏箱","MA-H32-11","6","248714","2505040"
"龍泉","MA-H33-01","1","267876","2562435"
"龍泉","MA-H33-01","2","268122","2562555"
"龍泉","MA-H33-01","3","268310","2562734"
"龍泉","MA-H33-01","4","268388","2562954"
"龍泉","MA-H33-01","5","268610","2562863"
"龍泉","MA-H33-01","7","269157","2562590"
"新武海棗保護區","MA-H33-05","1","262006","2558715"
"新武海棗保護區","MA-H33-05","3","262085","2559212"
"新武海棗保護區","MA-H33-05","4","261291","2559667"
"新武海棗保護區","MA-H33-05","7","259909","2559953"
"新武海棗保護區","MA-H33-05","8","259430","2559876"
"新武海棗保護區","MA-H33-05","2","262063","2558909"
"新武海棗保護區","MA-H33-05","5","260670","2559616"
"新武海棗保護區","MA-H33-05","6","260377","2559934"
"武陵","MA-H33-07","1","260698","2541212"
"武陵","MA-H33-07","2","260630","2540868"
"武陵","MA-H33-07","3","260445","2540701"
"武陵","MA-H33-07","4","260111","2540781"
"武陵","MA-H33-07","5","259523","2540877"
"武陵","MA-H33-07","6","260022","2541021"
"武陵","MA-H33-07","7","259526","2541199"
"武陵","MA-H33-07","8","259324","2541245"
"武陵","MA-H33-07","9","259290","2541485"
"永康廢棄林道","MA-H33-08","1","260935","2536440"
"永康廢棄林道","MA-H33-08","2","260716","2536392"
"永康廢棄林道","MA-H33-08","3","260509","2536197"
"永康廢棄林道","MA-H33-08","4","260376","2536318"
"永康廢棄林道","MA-H33-08","5","260115","2536313"
"永康廢棄林道","MA-H33-08","6","260090","2536566"
"永康廢棄林道","MA-H33-08","7","259735","2536771"
"鹿野高臺","MA-H33-10","2","263586","2534794"
"鹿野高臺","MA-H33-10","7","262619","2535029"
"鹿野高臺","MA-H33-10","1","263303","2534654"
"鹿野高臺","MA-H33-10","4","263138","2535265"
"鹿野高臺","MA-H33-10","3","263429","2535088"
"鹿野高臺","MA-H33-10","5","262962","2535689"
"鹿野高臺","MA-H33-10","6","262832","2535228"
"鸞山松林","MA-H33-11","1","266812","2532922"
"鸞山松林","MA-H33-11","2","267256","2533504"
"鸞山松林","MA-H33-11","3","267690","2533374"
"鸞山松林","MA-H33-11","4","267914","2533392"
"鸞山松林","MA-H33-11","5","268320","2533697"
"鸞山松林","MA-H33-11","6","268426","2534141"
"寶華","MA-H33-12","1","268873","2541648"
"寶華","MA-H33-12","2","268845","2541232"
"寶華","MA-H33-12","3","269167","2541120"
"寶華","MA-H33-12","4","269524","2540716"
"寶華","MA-H33-12","5","269430","2540311"
"寶華","MA-H33-12","6","270031","2540129"
"寶華","MA-H33-12","7","269445","2539852"
"電光日出","MA-H33-13","2","268405","2547258"
"電光日出","MA-H33-13","3","268336","2546932"
"電光日出","MA-H33-13","4","268766","2547135"
"電光日出","MA-H33-13","6","269212","2547019"
"電光日出","MA-H33-13","7","269308","2546701"
"電光日出","MA-H33-13","8","269610","2546484"
"電光日出","MA-H33-13","9","269827","2546658"
"電光日出","MA-H33-13","1","269358","2547427"
"電光日出","MA-H33-13","5","268744","2546855"
"富興山棕寮","MA-H33-14","1","272625","2552701"
"富興山棕寮","MA-H33-14","3","272940","2552250"
"富興山棕寮","MA-H33-14","4","273227","2552061"
"富興山棕寮","MA-H33-14","5","273528","2551828"
"富興山棕寮","MA-H33-14","6","273510","2551483"
"富興山棕寮","MA-H33-14","7","274143","2551927"
"富興山棕寮","MA-H33-14","8","274279","2551476"
"成功事業區13林班","MA-H34-01","6","280270","2540570"
"成功事業區13林班","MA-H34-01","5","280069","2540663"
"成功事業區13林班","MA-H34-01","4","279878","2540599"
"成功事業區13林班","MA-H34-01","3","279779","2540407"
"成功事業區13林班","MA-H34-01","2","279577","2540399"
"成功事業區13林班","MA-H34-01","1","279351","2540397"
"成功事業區37林班","MA-H34-02","1","282121","2545503"
"成功事業區37林班","MA-H34-02","2","282338","2545335"
"成功事業區37林班","MA-H34-02","5","282893","2545783"
"成功事業區37林班","MA-H34-02","6","282794","2546009"
"成功事業區28林班","MA-H34-03","5","275645","2550092"
"成功事業區28林班","MA-H34-03","4","275442","2549972"
"成功事業區28林班","MA-H34-03","3","275294","2549753"
"成功事業區28林班","MA-H34-03","1","275238","2549180"
"成功事業區30林班","MA-H34-04","1","279195","2550593"
"成功事業區30林班","MA-H34-04","2","279042","2550770"
"成功事業區30林班","MA-H34-04","3","278764","2550914"
"成功事業區30林班","MA-H34-04","4","278510","2551117"
"成功事業區30林班","MA-H34-04","5","278472","2551370"
"成功事業區30林班","MA-H34-04","6","278272","2551491"
"成功事業區32林班","MA-H34-05","6","278505","2555591"
"成功事業區32林班","MA-H34-05","5","278305","2555458"
"成功事業區32林班","MA-H34-05","4","278132","2555319"
"成功事業區32林班","MA-H34-05","3","277917","2555158"
"成功事業區32林班","MA-H34-05","2","277593","2555310"
"成功事業區32林班","MA-H34-05","1","277405","2555158"
"成功事業區40林班","MA-H34-06","1","284907","2558176"
"成功事業區40林班","MA-H34-06","2","285137","2558299"
"成功事業區40林班","MA-H34-06","3","285360","2558187"
"成功事業區40林班","MA-H34-06","4","285525","2558363"
"成功事業區40林班","MA-H34-06","5","285752","2558469"
"成功事業區40林班","MA-H34-06","6","285975","2558454"
"成功事業區41林班","MA-H34-07","1","286585","2560428"
"成功事業區41林班","MA-H34-07","2","286761","2560574"
"成功事業區41林班","MA-H34-07","3","286793","2560796"
"成功事業區41林班","MA-H34-07","4","287026","2560363"
"成功事業區41林班","MA-H34-07","6","287602","2559967"
"成功事業區47林班","MA-H34-08","1","287832","2570545"
"成功事業區47林班","MA-H34-08","2","288352","2570411"
"成功事業區47林班","MA-H34-08","3","288568","2569852"
"成功事業區47林班","MA-H34-08","4","289145","2569548"
"成功事業區47林班","MA-H34-08","6","289364","2568900"
"成功事業區47林班","MA-H34-08","5","288724","2569212"
"成功事業區49林班","MA-H34-09","1","289112","2573000"
"成功事業區49林班","MA-H34-09","2","289270","2572785"
"成功事業區49林班","MA-H34-09","3","289395","2572521"
"成功事業區49林班","MA-H34-09","4","289644","2572463"
"成功事業區49林班","MA-H34-09","5","289861","2572432"
"成功事業區49林班","MA-H34-09","6","290105","2572355"
"成功事業區52林班","MA-H34-10","2","293075","2580570"
"成功事業區52林班","MA-H34-10","3","293341","2580622"
"成功事業區52林班","MA-H34-10","4","293562","2580559"
"成功事業區52林班","MA-H34-10","5","293793","2580626"
"成功事業區52林班","MA-H34-10","6","294051","2580794"
"成功事業區54林班","MA-H34-11","3","294459","2582346"
"成功事業區54林班","MA-H34-11","4","294682","2582284"
"成功事業區54林班","MA-H34-11","1","294424","2582756"
"成功事業區54林班","MA-H34-11","2","294677","2582664"
"成功事業區54林班","MA-H34-11","5","294957","2582744"
"成功事業區54林班","MA-H34-11","6","295159","2582652"
"成功事業區61林班","MA-H34-12","1","296471","2591413"
"成功事業區61林班","MA-H34-12","2","296726","2591472"
"成功事業區61林班","MA-H34-12","3","296978","2591341"
"成功事業區61林班","MA-H34-12","4","297242","2591381"
"成功事業區61林班","MA-H34-12","5","297511","2591414"
"成功事業區61林班","MA-H34-12","6","297770","2591322"
"梅園","MB-B06-07","1","248662","2699765"
"梅園","MB-B06-07","2","248506","2699965"
"梅園","MB-B06-07","3","248389","2699762"
"梅園","MB-B06-07","4","248497","2699492"
"梅園","MB-B06-07","5","248928","2699371"
"梅園","MB-B06-07","6","248538","2699291"
"大溪事業區44林班","MB-B07-08","1","293455","2726803"
"大溪事業區44林班","MB-B07-08","2","293553","2726985"
"大溪事業區44林班","MB-B07-08","3","293349","2727033"
"大溪事業區44林班","MB-B07-08","4","293181","2727185"
"大溪事業區44林班","MB-B07-08","5","293038","2727031"
"大溪事業區44林班","MB-B07-08","6","292889","2727165"
"大溪事業區94林班","MB-B07-09","4","288933","2714233"
"大溪事業區94林班","MB-B07-09","3","289192","2714072"
"大溪事業區94林班","MB-B07-09","2","289229","2713858"
"大溪事業區94林班","MB-B07-09","1","289130","2714285"
"大溪事業區94林班","MB-B07-09","5","288724","2714239"
"大溪事業區94林班","MB-B07-09","6","288610","2714417"
"大溪事業區94林班","MB-B07-09","2","289281","2713865"
"大溪事業區95林班","MB-B07-11","6","288757","2713461"
"大溪事業區95林班","MB-B07-11","5","288905","2713321"
"大溪事業區95林班","MB-B07-11","4","289008","2713135"
"大溪事業區95林班","MB-B07-11","3","289358","2713084"
"大溪事業區95林班","MB-B07-11","2","289452","2713272"
"大溪事業區95林班","MB-B07-11","1","289653","2713344"
"羅山林道(下)","MB-B08-01","6","266601","2724471"
"羅山林道(下)","MB-B08-01","5","266565","2724284"
"羅山林道(下)","MB-B08-01","4","266483","2724063"
"羅山林道(下)","MB-B08-01","3","266594","2723619"
"羅山林道(下)","MB-B08-01","2","266785","2723541"
"羅山林道(下)","MB-B08-01","1","267020","2723587"
"俠客羅E","MB-B08-02","1","271221","2716692"
"俠客羅E","MB-B08-02","2","271124","2716900"
"俠客羅E","MB-B08-02","4","270762","2717058"
"俠客羅E","MB-B08-02","3","270975","2717081"
"俠客羅E","MB-B08-02","5","270608","2717201"
"俠客羅E","MB-B08-02","6","270476","2717364"
"台8線72k","MB-C10-01","1","271708","2683203"
"台8線72k","MB-C10-01","2","271533","2683099"
"台8線72k","MB-C10-01","3","271591","2682869"
"台8線72k","MB-C10-01","4","271652","2682682"
"台8線72k","MB-C10-01","5","271334","2682839"
"台8線72k","MB-C10-01","6","271125","2682688"
"勝利路13k","MB-C10-02","1","271802","2680126"
"勝利路13k","MB-C10-02","2","271968","2680317"
"勝利路13k","MB-C10-02","3","271899","2680542"
"勝利路13k","MB-C10-02","4","271538","2679976"
"勝利路13k","MB-C10-02","5","271324","2679920"
"勝利路13k","MB-C10-02","6","271084","2679843"
"台8線100k","MB-C10-05","4","280017","2679882"
"台8線100k","MB-C10-05","6","280611","2680711"
"台8線100k","MB-C10-05","1","277759","2680580"
"台8線100k","MB-C10-05","2","278414","2680105"
"台8線100k","MB-C10-05","3","279479","2680173"
"台8線100k","MB-C10-05","5","280242","2680166"
"台8線107k","MB-C10-06","1","280080","2677153"
"台8線107k","MB-C10-06","2","280919","2677028"
"台8線107k","MB-C10-06","3","280824","2676739"
"台8線107k","MB-C10-06","4","281159","2676301"
"台8線107k","MB-C10-06","5","281122","2675993"
"台8線107k","MB-C10-06","6","281142","2675655"
"86k","MB-C10-07","1","276235","2682956"
"86k","MB-C10-07","2","276015","2682797"
"86k","MB-C10-07","3","275903","2682609"
"86k","MB-C10-07","4","275759","2682367"
"華崗","MB-C10-08","1","273577","2677643"
"華崗","MB-C10-08","2","273607","2677390"
"華崗","MB-C10-08","3","273603","2677220"
"華崗","MB-C10-08","4","273552","2677009"
"華崗","MB-C10-08","5","273410","2676890"
"華崗","MB-C10-08","6","273236","2676797"
"甲區38林班","MB-C10-09","1","282373","2693648"
"甲區38林班","MB-C10-09","2","282184","2693550"
"甲區38林班","MB-C10-09","3","281988","2693520"
"甲區38林班","MB-C10-09","4","282068","2693337"
"甲區38林班","MB-C10-09","5","281944","2693176"
"甲區38林班","MB-C10-09","6","281758","2693109"
"甲區38林班","MB-C10-09","7","281558","2693080"
"甲區41林班","MB-C10-10","4","284570","2697041"
"甲區41林班","MB-C10-10","5","285172","2697465"
"甲區41林班","MB-C10-10","6","285254","2697834"
"甲區41林班","MB-C10-10","7","285221","2698045"
"甲區41林班","MB-C10-10","1","286207","2699022"
"甲區41林班","MB-C10-10","8","285839","2698670"
"甲區43林班","MB-C10-11","5","283029","2693735"
"甲區43林班","MB-C10-11","4","282950","2694051"
"甲區43林班","MB-C10-11","3","282968","2694274"
"甲區43林班","MB-C10-11","2","283052","2694526"
"甲區43林班","MB-C10-11","1","283081","2694765"
"甲區43林班","MB-C10-11","7","283295","2694830"
"甲區64林班","MB-C10-12","1","279816","2687653"
"甲區64林班","MB-C10-12","2","279921","2687477"
"甲區64林班","MB-C10-12","3","280102","2687441"
"甲區64林班","MB-C10-12","4","280068","2687738"
"甲區64林班","MB-C10-12","5","280236","2687871"
"甲區64林班","MB-C10-12","6","280421","2687876"
"甲區65林班","MB-C10-13","1","278871","2688428"
"甲區65林班","MB-C10-13","2","279064","2688430"
"甲區65林班","MB-C10-13","3","279042","2688206"
"甲區65林班","MB-C10-13","4","279453","2688545"
"甲區65林班","MB-C10-13","5","279363","2688368"
"甲區65林班","MB-C10-13","6","279439","2688167"
"菜園林道","MB-C11-01","1","246331","2680085"
"菜園林道","MB-C11-01","3","246396","2679801"
"菜園林道","MB-C11-01","2","246157","2679685"
"菜園林道","MB-C11-01","4","246628","2680177"
"菜園林道","MB-C11-01","6","247012","2679824"
"220林道","MB-C11-02","1","249461","2683934"
"220林道","MB-C11-02","2","248972","2683774"
"220林道","MB-C11-02","3","248904","2683403"
"220林道","MB-C11-02","4","248659","2683146"
"220林道","MB-C11-02","5","248344","2682782"
"220林道","MB-C11-02","6","248336","2682464"
"橫嶺山","MB-C11-04","1","244730","2681251"
"橫嶺山","MB-C11-04","2","244540","2681129"
"橫嶺山","MB-C11-04","3","244410","2680978"
"橫嶺山","MB-C11-04","4","244369","2680769"
"橫嶺山","MB-C11-04","5","244178","2680876"
"橫嶺山","MB-C11-04","6","243944","2680733"
"橫嶺山","MB-C11-04","7","243707","2680817"
"鳶嘴山","MB-C11-05","1","246175","2681125"
"鳶嘴山","MB-C11-05","2","246027","2680925"
"鳶嘴山","MB-C11-05","3","245804","2680924"
"鳶嘴山","MB-C11-05","4","245653","2681110"
"鳶嘴山","MB-C11-05","5","245487","2681260"
"鳶嘴山","MB-C11-05","6","245570","2681470"
"鳶嘴山","MB-C11-05","7","245708","2681622"
"船形山苗圃","MB-C11-07","1","249969","2684593"
"船形山苗圃","MB-C11-07","2","250147","2684374"
"船形山苗圃","MB-C11-07","3","250499","2684336"
"船形山苗圃","MB-C11-07","4","250630","2684066"
"船形山苗圃","MB-C11-07","5","250905","2683884"
"船形山苗圃","MB-C11-07","6","250891","2683511"
"船形山苗圃","MB-C11-07","4","250650","2684030"
"540林道鐵門","MB-C12-03","1","247875","2689733"
"540林道鐵門","MB-C12-03","2","248062","2689600"
"540林道鐵門","MB-C12-03","3","248236","2689468"
"540林道鐵門","MB-C12-03","4","248268","2689682"
"540林道鐵門","MB-C12-03","5","248456","2689778"
"540林道鐵門","MB-C12-03","6","248629","2689930"
"安區117林班","MB-C12-08","1","245935","2688724"
"安區117林班","MB-C12-08","2","246129","2688670"
"安區117林班","MB-C12-08","3","246330","2688574"
"安區117林班","MB-C12-08","4","246493","2688442"
"安區117林班","MB-C12-08","5","246732","2688451"
"安區117林班","MB-C12-08","6","246893","2688272"
"580林道-鐵門","MB-C12-10","1","248006","2694258"
"580林道-鐵門","MB-C12-10","2","248039","2694457"
"580林道-鐵門","MB-C12-10","3","248248","2694270"
"580林道-鐵門","MB-C12-10","4","248287","2694477"
"580林道-鐵門","MB-C12-10","5","248470","2694597"
"580林道-鐵門","MB-C12-10","6","248622","2694750"
"580林道","MB-C12-11","1","248400","2694909"
"580林道","MB-C12-11","3","248702","2695092"
"580林道","MB-C12-11","4","248831","2695287"
"580林道","MB-C12-11","5","249018","2695219"
"580林道","MB-C12-11","6","249188","2695100"
"580林道","MB-C12-11","7","249369","2694990"
"勢麗仙區117","MB-C13-01","1","247020","2671167"
"勢麗仙區117","MB-C13-01","2","246904","2671003"
"勢麗仙區117","MB-C13-01","3","246778","2670832"
"勢麗仙區117","MB-C13-01","4","246793","2670632"
"勢麗仙區117","MB-C13-01","5","246980","2670514"
"勢麗仙區117","MB-C13-01","6","246664","2670476"
"勢麗仙區101","MB-C13-03","2","251983","2677164"
"勢麗仙區101","MB-C13-03","3","252174","2677040"
"勢麗仙區101","MB-C13-03","5","251683","2677414"
"勢麗仙區101","MB-C13-03","6","251912","2677536"
"勢麗仙區76","MB-C13-10","1","261183","2682140"
"勢麗仙區76","MB-C13-10","2","261079","2682496"
"勢麗仙區76","MB-C13-10","4","260436","2682807"
"勢麗仙區76","MB-C13-10","5","260240","2683019"
"勢麗仙區76","MB-C13-10","6","260182","2682816"
"勢麗仙區94","MB-C13-11","6","255765","2680208"
"勢麗仙區94","MB-C13-11","5","256714","2680370"
"勢麗仙區94","MB-C13-11","3","257666","2680308"
"勢麗仙區94","MB-C13-11","1","257990","2680701"
"勢麗仙區94","MB-C13-11","2","257888","2680131"
"二分所","MB-D14-02","10","255008","2629974"
"二分所","MB-D14-02","9","255043","2630171"
"二分所","MB-D14-02","8","254937","2630340"
"二分所","MB-D14-02","7","254786","2630471"
"二分所","MB-D14-02","6","254588","2630508"
"二分所","MB-D14-02","5","254450","2630655"
"二分所","MB-D14-02","4","254282","2630762"
"二分所","MB-D14-02","3","254112","2630870"
"二分所","MB-D14-02","2","253985","2630715"
"二分所","MB-D14-02","1","253790","2630763"
"三分所","MB-D14-03","1","256959","2628459"
"三分所","MB-D14-03","2","256760","2628431"
"三分所","MB-D14-03","3","256564","2628386"
"三分所","MB-D14-03","4","256516","2628198"
"三分所","MB-D14-03","5","256515","2627982"
"三分所","MB-D14-03","6","256337","2628040"
"三分所","MB-D14-03","7","256274","2628236"
"三分所","MB-D14-03","8","256236","2628415"
"三分所","MB-D14-03","9","256119","2628582"
"三分所","MB-D14-03","10","255968","2628707"
"五分所","MB-D14-04","1","262621","2628104"
"五分所","MB-D14-04","2","262791","2627973"
"五分所","MB-D14-04","3","263016","2628002"
"五分所","MB-D14-04","4","263141","2627830"
"五分所","MB-D14-04","5","263296","2627690"
"五分所","MB-D14-04","6","263486","2627586"
"五分所","MB-D14-04","10","264222","2627537"
"五分所","MB-D14-04","8","263880","2627507"
"五分所","MB-D14-04","9","264040","2627633"
"巒大59林班","MB-D14-05","1","244221","2628743"
"巒大59林班","MB-D14-05","2","244273","2628548"
"巒大59林班","MB-D14-05","3","244116","2628426"
"巒大59林班","MB-D14-05","4","243916","2628420"
"巒大59林班","MB-D14-05","5","243798","2628246"
"巒大59林班","MB-D14-05","6","243603","2628215"
"巒大59林班","MB-D14-05","7","243402","2628210"
"巒大59林班","MB-D14-05","8","243370","2627993"
"巒大59林班","MB-D14-05","9","243236","2627870"
"巒大59林班","MB-D14-05","10","243284","2627679"
"巒大42林班","MB-D14-08","1","248451","2630351"
"巒大42林班","MB-D14-08","2","248265","2630260"
"巒大42林班","MB-D14-08","3","248274","2630051"
"巒大42林班","MB-D14-08","4","248152","2629898"
"巒大42林班","MB-D14-08","5","248081","2629712"
"巒大42林班","MB-D14-08","6","248215","2629540"
"巒大42林班","MB-D14-08","7","248376","2629292"
"巒大77林班","MB-D15-03","1","239996","2624368"
"巒大77林班","MB-D15-03","2","240127","2624055"
"巒大77林班","MB-D15-03","3","240166","2623760"
"巒大77林班","MB-D15-03","4","240255","2623554"
"巒大77林班","MB-D15-03","5","240114","2624231"
"巒大77林班","MB-D15-03","6","240666","2623290"
"巒大77林班","MB-D15-03","6","240632","2623260"
"台大實驗林內，近123、 124林班","MB-D15-04","1","239962","2615165"
"台大實驗林內，近123、 124林班","MB-D15-04","2","240105","2615013"
"台大實驗林內，近123、 124林班","MB-D15-04","3","240266","2614870"
"台大實驗林內，近123、 124林班","MB-D15-04","4","240473","2614926"
"台大實驗林內，近123、 124林班","MB-D15-04","5","240599","2615073"
"台大實驗林內，近123、 124林班","MB-D15-04","6","240803","2615130"
"巒大89林班","MB-D15-06","1","240617","2622948"
"巒大89林班","MB-D15-06","2","240662","2622731"
"巒大89林班","MB-D15-06","3","240772","2622576"
"巒大89林班","MB-D15-06","4","241068","2622473"
"巒大89林班","MB-D15-06","5","241187","2622230"
"巒大89林班","MB-D15-06","6","241434","2622263"
"巒大74林班","MB-D15-07","1","241156","2623042"
"巒大74林班","MB-D15-07","2","241356","2622936"
"巒大74林班","MB-D15-07","3","241649","2622912"
"巒大74林班","MB-D15-07","4","241856","2622685"
"巒大74林班","MB-D15-07","5","242298","2622806"
"巒大74林班","MB-D15-07","7","242506","2622934"
"巒大88林班","MB-D15-08","1","239828","2623856"
"巒大88林班","MB-D15-08","2","239960","2623706"
"巒大88林班","MB-D15-08","3","240076","2623543"
"巒大88林班","MB-D15-08","4","240189","2623378"
"巒大88林班","MB-D15-08","5","240348","2623257"
"巒大88林班","MB-D15-08","6","240532","2623178"
"長興林道7K","MB-D16-08","1","242421","2667286"
"長興林道7K","MB-D16-08","2","242791","2667451"
"長興林道7K","MB-D16-08","4","243353","2668033"
"長興林道7K","MB-D16-08","6","243438","2668250"
"長興林道7K","MB-D16-08","5","243700","2668026"
"濁水溪區9林班","MB-D17-02","1","259999","2648501"
"濁水溪區9林班","MB-D17-02","2","260154","2648236"
"濁水溪區9林班","MB-D17-02","3","260064","2648008"
"濁水溪區9林班","MB-D17-02","4","259763","2647880"
"濁水溪區9林班","MB-D17-02","6","259487","2646943"
"濁水溪區9林班","MB-D17-02","5","259530","2647638"
"濁水溪區28林班","MB-D17-03","1","272487","2660340"
"濁水溪區28林班","MB-D17-03","2","272638","2660243"
"濁水溪區28林班","MB-D17-03","3","272764","2660126"
"濁水溪區28林班","MB-D17-03","4","272896","2659995"
"濁水溪區28林班","MB-D17-03","5","273057","2660449"
"濁水溪區28林班","MB-D17-03","6","272977","2660237"
"濁水溪區28林班","MB-D17-03","7","273057","2660449"
"卓社林道2","MB-D17-04","1","251655","2645654"
"卓社林道2","MB-D17-04","2","251320","2645372"
"卓社林道2","MB-D17-04","3","251568","2644835"
"卓社林道2","MB-D17-04","4","251756","2644014"
"卓社林道2","MB-D17-04","5","251821","2643427"
"卓社林道2","MB-D17-04","6","250788","2643824"
"杉林溪(分站)","MB-D18-06","1","229364","2615454"
"杉林溪(分站)","MB-D18-06","2","229125","2615319"
"杉林溪(分站)","MB-D18-06","3","228877","2615200"
"杉林溪(分站)","MB-D18-06","4","228713","2615149"
"杉林溪(分站)","MB-D18-06","5","228396","2615056"
"杉林溪(分站)","MB-D18-06","6","228153","2614951"
"台18-1(82.5K)","MB-E20-01","1","228293","2599389"
"台18-1(82.5K)","MB-E20-01","3","228827","2599166"
"台18-1(82.5K)","MB-E20-01","5","229069","2599228"
"台18-1(82.5K)","MB-E20-01","6","228958","2599715"
"台18-1(82.5K)","MB-E20-01","2","228692","2599342"
"台18-1(82.5K)","MB-E20-01","4","228679","2598765"
"台18-2(大埔220林班)","MB-E20-02","1","228634","2599580"
"台18-2(大埔220林班)","MB-E20-02","2","228420","2599557"
"台18-2(大埔220林班)","MB-E20-02","3","228155","2599596"
"台18-2(大埔220林班)","MB-E20-02","4","227852","2599649"
"台18-2(大埔220林班)","MB-E20-02","5","227858","2599871"
"台18-2(大埔220林班)","MB-E20-02","6","227945","2600160"
"台18-3(88K以後)","MB-E20-03","1","229141","2599879"
"台18-3(88K以後)","MB-E20-03","4","229315","2600238"
"台18-3(88K以後)","MB-E20-03","5","229279","2600029"
"台18-3(88K以後)","MB-E20-03","2","229353","2600444"
"台18-3(88K以後)","MB-E20-03","3","229614","2600541"
"台18-3(88K以後)","MB-E20-03","6","229500","2599933"
"台18-4(98K)","MB-E20-04","1","235350","2597376"
"台18-4(98K)","MB-E20-04","2","235473","2597073"
"台18-4(98K)","MB-E20-04","3","235660","2596905"
"台18-4(98K)","MB-E20-04","4","235880","2596949"
"台18-4(98K)","MB-E20-04","5","236114","2597010"
"台18-4(98K)","MB-E20-04","6","236370","2597235"
"特富野步道","MB-E20-06","1","232617","2597905"
"特富野步道","MB-E20-06","2","232403","2597782"
"特富野步道","MB-E20-06","3","232188","2597722"
"特富野步道","MB-E20-06","4","232065","2597507"
"特富野步道","MB-E20-06","5","232205","2597276"
"特富野步道","MB-E20-06","6","231780","2597231"
"特富野步道","MB-E20-06","6","231783","2597195"
"祝山林道","MB-E20-07","1","231038","2600845"
"祝山林道","MB-E20-07","2","231208","2600985"
"祝山林道","MB-E20-07","3","231387","2601098"
"祝山林道","MB-E20-07","4","231526","2601238"
"祝山林道","MB-E20-07","5","231760","2601206"
"祝山林道","MB-E20-07","6","232021","2600639"
"水漾步道","MB-E20-08","1","229828","2610179"
"水漾步道","MB-E20-08","2","229883","2609977"
"水漾步道","MB-E20-08","3","229904","2609741"
"水漾步道","MB-E20-08","4","229765","2609565"
"水漾步道","MB-E20-08","5","229605","2609406"
"水漾步道","MB-E20-08","7","229804","2610383"
"塔山步道","MB-E20-09","1","231113","2602742"
"塔山步道","MB-E20-09","2","230927","2602843"
"塔山步道","MB-E20-09","3","230740","2602959"
"塔山步道","MB-E20-09","4","230611","2603125"
"塔山步道","MB-E20-09","5","230421","2603237"
"塔山步道","MB-E20-09","6","230193","2603279"
"一葉蘭自然保留區","MB-E20-10","1","229262","2603712"
"一葉蘭自然保留區","MB-E20-10","2","229413","2603931"
"一葉蘭自然保留區","MB-E20-10","3","229548","2604147"
"一葉蘭自然保留區","MB-E20-10","4","229765","2604377"
"一葉蘭自然保留區","MB-E20-10","5","230001","2604560"
"一葉蘭自然保留區","MB-E20-10","6","230235","2604777"
"阿里山事業區54林班","MB-E20-11","6","229451","2610578"
"阿里山事業區54林班","MB-E20-11","5","229613","2610429"
"阿里山事業區54林班","MB-E20-11","4","229351","2610413"
"阿里山事業區54林班","MB-E20-11","3","229128","2610395"
"阿里山事業區54林班","MB-E20-11","2","228914","2610465"
"阿里山事業區54林班","MB-E20-11","1","228724","2610373"
"阿里山事業區54林班","MB-E20-11","7","229214","2610599"
"阿里山事業區54林班","MB-E20-11","8","229102","2610805"
"二萬坪步道","MB-E20-12","3","228795","2600823"
"二萬坪步道","MB-E20-12","4","229026","2600975"
"二萬坪步道","MB-E20-12","5","229196","2601125"
"二萬坪步道","MB-E20-12","6","229274","2601385"
"二萬坪步道","MB-E20-12","7","229299","2601618"
"芙蓉山","MB-E21-01","3","223582","2597761"
"芙蓉山","MB-E21-01","2","223713","2597577"
"芙蓉山","MB-E21-01","1","223896","2597446"
"芙蓉山","MB-E21-01","4","224112","2597482"
"芙蓉山","MB-E21-01","5","224140","2597706"
"芙蓉山","MB-E21-01","6","224091","2597917"
"科子林","MB-E21-03","1","221887","2601199"
"科子林","MB-E21-03","3","221894","2600960"
"科子林","MB-E21-03","4","221743","2600792"
"科子林","MB-E21-03","5","221923","2601452"
"科子林","MB-E21-03","6","222203","2601442"
"科子林","MB-E21-03","2","222080","2601082"
"嘉南雲峰","MB-E21-05","3","221515","2611665"
"嘉南雲峰","MB-E21-05","2","221355","2611794"
"嘉南雲峰","MB-E21-05","1","221171","2611685"
"嘉南雲峰","MB-E21-05","4","221022","2611814"
"嘉南雲峰","MB-E21-05","5","221193","2611936"
"嘉南雲峰","MB-E21-05","6","221339","2612085"
"特富野","MB-E21-06","5","228931","2596434"
"特富野","MB-E21-06","1","228727","2596360"
"特富野","MB-E21-06","2","228489","2596377"
"特富野","MB-E21-06","3","228420","2596170"
"特富野","MB-E21-06","6","228984","2596647"
"特富野","MB-E21-06","7","228647","2596088"
"特富野","MB-E21-06","4","228646","2596188"
"大埔事業區164林班","MB-E21-07","3","221655","2592798"
"大埔事業區164林班","MB-E21-07","2","221510","2592610"
"大埔事業區164林班","MB-E21-07","1","221338","2592467"
"大埔事業區164林班","MB-E21-07","5","220932","2592229"
"大埔事業區164林班","MB-E21-07","6","220932","2591998"
"大埔事業區164林班","MB-E21-07","4","221655","2592303"
"里佳","MB-E21-08","1","218920","2587558"
"里佳","MB-E21-08","2","218833","2587358"
"里佳","MB-E21-08","3","219106","2587673"
"里佳","MB-E21-08","4","219149","2587889"
"里佳","MB-E21-08","5","219193","2588111"
"里佳","MB-E21-08","7","218963","2587221"
"龍美","MB-E22-01","2","213762","2588961"
"龍美","MB-E22-01","1","214019","2588973"
"龍美","MB-E22-01","3","213418","2589206"
"龍美","MB-E22-01","4","213473","2588947"
"龍美","MB-E22-01","5","213516","2588726"
"龍美","MB-E22-01","6","213652","2588496"
"藤枝遊樂區","MB-F23-08","1","225098","2551998"
"藤枝遊樂區","MB-F23-08","2","225115","2552245"
"藤枝遊樂區","MB-F23-08","3","225323","2552134"
"藤枝遊樂區","MB-F23-08","4","225367","2552320"
"藤枝遊樂區","MB-F23-08","5","225308","2552556"
"藤枝遊樂區","MB-F23-08","6","225551","2552648"
"霧台阿禮B","MB-F25-05","1","225308","2514462"
"霧台阿禮B","MB-F25-05","2","225376","2514058"
"霧台阿禮B","MB-F25-05","3","225488","2513511"
"霧台阿禮B","MB-F25-05","4","225530","2513136"
"霧台阿禮B","MB-F25-05","5","225785","2512940"
"霧台阿禮B","MB-F25-05","6","225833","2512751"
"西林林道18k+800","MB-G30-01","6","290268","2635194"
"西林林道18k+800","MB-G30-01","5","290481","2634641"
"西林林道18k+800","MB-G30-01","4","290298","2634812"
"西林林道18k+800","MB-G30-01","3","290142","2634951"
"西林林道18k+800","MB-G30-01","1","289735","2635170"
"西林林道18k+800","MB-G30-01","2","289933","2635008"
"光復林道19k","MB-G30-05","2","286197","2618821"
"光復林道19k","MB-G30-05","3","286399","2619249"
"光復林道19k","MB-G30-05","4","286568","2619137"
"光復林道19k","MB-G30-05","6","286721","2618927"
"光復林道19k","MB-G30-05","1","285955","2618653"
"光復林道19k","MB-G30-05","7","286540","2619505"
"光復林道19k","MB-G30-05","5","286538","2619426"
"大武37,39林班浸水營步道高海拔處","MB-H31-07","1","227129","2478062"
"大武37,39林班浸水營步道高海拔處","MB-H31-07","2","227232","2477867"
"大武37,39林班浸水營步道高海拔處","MB-H31-07","3","227295","2477650"
"大武37,39林班浸水營步道高海拔處","MB-H31-07","4","227520","2477650"
"大武37,39林班浸水營步道高海拔處","MB-H31-07","5","227705","2477537"
"大武37,39林班浸水營步道高海拔處","MB-H31-07","6","227855","2477372"
"大武39林班","MB-H31-14","1","225129","2478356"
"大武39林班","MB-H31-14","2","225267","2478526"
"大武39林班","MB-H31-14","3","225840","2478830"
"大武39林班","MB-H31-14","4","225756","2478636"
"大武39林班","MB-H31-14","5","225580","2478507"
"大武39林班","MB-H31-14","6","225484","2478299"
"台東6-8林班利家段","MB-H32-05","6","253560","2522962"
"台東6-8林班利家段","MB-H32-05","5","253311","2523115"
"台東6-8林班利家段","MB-H32-05","1","253032","2523106"
"台東6-8林班利家段","MB-H32-05","2","253137","2522914"
"台東6-8林班利家段","MB-H32-05","3","253206","2522703"
"台東6-8林班利家段","MB-H32-05","4","253336","2522851"
"台東6-8林班利家段","MB-H32-05","2","253147","2522860"
"台東6-8林班利家段","MB-H32-05","3","253237","2522729"
"霧鹿林道","MB-H33-04","1","253829","2560379"
"霧鹿林道","MB-H33-04","2","254996","2559821"
"霧鹿林道","MB-H33-04","3","254243","2560054"
"霧鹿林道","MB-H33-04","4","253781","2559997"
"霧鹿林道","MB-H33-04","5","253429","2560172"
"霧鹿林道","MB-H33-04","6","253225","2560543"
"霧鹿林道","MB-H33-04","7","253041","2560852"
"紅石林道","MB-H33-06","1","263826","2551587"
"紅石林道","MB-H33-06","2","263910","2551879"
"紅石林道","MB-H33-06","3","263650","2552110"
"紅石林道","MB-H33-06","4","263186","2552580"
"紅石林道","MB-H33-06","5","263222","2553061"
"紅石林道","MB-H33-06","6","263038","2552911"
"紅石林道","MB-H33-06","7","262779","2552649"
"紅石林道","MB-H33-06","8","262512","2552282"
"紅石林道","MB-H33-06","9","262392","2551934"
"鹿林前山","MC-E20-05","1","238685","2597227"
"鹿林前山","MC-E20-05","2","238433","2597107"
"鹿林前山","MC-E20-05","3","238183","2596951"
"鹿林前山","MC-E20-05","4","238020","2596710"
"鹿林前山","MC-E20-05","5","237815","2596465"
"鹿林前山","MC-E20-05","6","237352","2596282"
"安通越嶺古道","MA-G27-09","1","288657","2575170"
"安通越嶺古道","MA-G27-09","2","288586","2575415"
"安通越嶺古道","MA-G27-09","3","288558","2575650"
"安通越嶺古道","MA-G27-09","4","288371","2575765"
"安通越嶺古道","MA-G27-09","5","288308","2576000"
"安通越嶺古道","MA-G27-09","6","288169","2575781"
